"EventId","EventType","Timestamp","Level","Message","Exception"
"event-a83941d6f9f908de1e00000000000000","0xfed9c7dd","2026-08-14T11:46:19.7686742Z","Information","Request starting HTTP/1.1 GET http://bfstats.io/stats/leaderboard?page=1&pageSize=25&sortBy=rounds&sortDir=desc&days=30&minRounds=25&minPlay=0&game=bf1942 - null null",""
"event-a839560cf9f908de1f00000000000000","0x230f5c0e","2026-08-14T11:46:19.7691916Z","Debug","Fetching global leaderboard: page=1, size=25, sort=rounds desc, q=null, server=null, exclude=null, populatedOnly=false, map=null, days=30, minRounds=25, minPlay=0",""
"event-a839e079f9f908de2000000000000000","0xe9507561","2026-08-14T11:46:19.7727353Z","Information","Executed DbCommand (0ms) [Parameters=[], CommandType='Text', CommandTimeout='60']
SELECT ""s"".""Guid"", ""s"".""Name"", ""s"".""Country"", ""s"".""Game""
FROM ""Servers"" AS ""s""",""
"event-a839e70ef9f908de2500000000000000","0xad80e510","2026-08-14T11:46:19.7729038Z","OK","main",""
"event-a841e485f9f908de2100000000000000","0xe9507561","2026-08-14T11:46:19.8252677Z","Information","Executed DbCommand (43ms) [Parameters=[@occupancyCutoff='?' (Size = 27), @game='?' (Size = 6)], CommandType='Text', CommandTimeout='60']
SELECT ""s"".""ServerGuid"", AVG(""s"".""AvgPlayers"") AS ""AvgPlayers""
FROM ""ServerOnlineCounts"" AS ""s""
WHERE ""s"".""HourTimestamp"" >= @occupancyCutoff AND ""s"".""Game"" = @game
GROUP BY ""s"".""ServerGuid""",""
"event-a841eb85f9f908de2600000000000000","0xad80e510","2026-08-14T11:46:19.8254469Z","OK","main",""
"event-a91d9c3df9f908de2200000000000000","0xe9507561","2026-08-14T11:46:21.2652093Z","Information","Executed DbCommand (1,384ms) [Parameters=[@startYear='?' (DbType = Int32), @startMonth='?' (DbType = Int32), @endYear='?' (DbType = Int32), @endMonth='?' (DbType = Int32), @gameGuids1='?' (Size = 29), @gameGuids2='?' (Size = 29), @gameGuids3='?' (Size = 30), @gameGuids4='?' (Size = 30), @gameGuids5='?' (Size = 30), @gameGuids6='?' (Size = 30), @gameGuids7='?' (Size = 29), @gameGuids8='?' (Size = 29), @gameGuids9='?' (Size = 31), @gameGuids10='?' (Size = 29), @gameGuids11='?' (Size = 29), @gameGuids12='?' (Size = 31), @gameGuids13='?' (Size = 31), @gameGuids14='?' (Size = 29), @gameGuids15='?' (Size = 29), @gameGuids16='?' (Size = 29), @gameGuids17='?' (Size = 29), @gameGuids18='?' (Size = 31), @gameGuids19='?' (Size = 30), @gameGuids20='?' (Size = 30), @gameGuids21='?' (Size = 29), @gameGuids22='?' (Size = 30), @gameGuids23='?' (Size = 30), @gameGuids24='?' (Size = 29), @gameGuids25='?' (Size = 28), @gameGuids26='?' (Size = 28), @gameGuids27='?' (Size = 29), @gameGuids28='?' (Size = 29), @gameGuids29='?' (Size = 28), @gameGuids30='?' (Size = 30), @gameGuids31='?' (Size = 28), @gameGuids32='?' (Size = 31), @gameGuids33='?' (Size = 28), @gameGuids34='?' (Size = 30), @gameGuids35='?' (Size = 30), @gameGuids36='?' (Size = 28), @gameGuids37='?' (Size = 29), @gameGuids38='?' (Size = 30), @gameGuids39='?' (Size = 29), @gameGuids40='?' (Size = 31), @gameGuids41='?' (Size = 30), @gameGuids42='?' (Size = 29), @gameGuids43='?' (Size = 29), @gameGuids44='?' (Size = 30), @gameGuids45='?' (Size = 30), @gameGuids46='?' (Size = 28), @gameGuids47='?' (Size = 31), @gameGuids48='?' (Size = 30), @gameGuids49='?' (Size = 30), @gameGuids50='?' (Size = 29), @gameGuids51='?' (Size = 29), @gameGuids52='?' (Size = 28), @gameGuids53='?' (Size = 29), @gameGuids54='?' (Size = 29), @gameGuids55='?' (Size = 27), @gameGuids56='?' (Size = 30), @gameGuids57='?' (Size = 29), @gameGuids58='?' (Size = 27), @gameGuids59='?' (Size = 29), @gameGuids60='?' (Size = 30), @gameGuids61='?' (Size = 31), @gameGuids62='?' (Size = 29), @gameGuids63='?' (Size = 31), @gameGuids64='?' (Size = 29), @gameGuids65='?' (Size = 29), @gameGuids66='?' (Size = 30), @gameGuids67='?' (Size = 28), @gameGuids68='?' (Size = 29), @gameGuids69='?' (Size = 30), @gameGuids70='?' (Size = 31), @gameGuids71='?' (Size = 29), @gameGuids72='?' (Size = 29), @gameGuids73='?' (Size = 29), @gameGuids74='?' (Size = 29), @gameGuids75='?' (Size = 29), @gameGuids76='?' (Size = 29), @gameGuids77='?' (Size = 28), @gameGuids78='?' (Size = 30), @gameGuids79='?' (Size = 30), @gameGuids80='?' (Size = 29), @gameGuids81='?' (Size = 29), @gameGuids82='?' (Size = 29), @gameGuids83='?' (Size = 29), @gameGuids84='?' (Size = 30), @gameGuids85='?' (Size = 29), @gameGuids86='?' (Size = 29), @gameGuids87='?' (Size = 28), @gameGuids88='?' (Size = 28), @gameGuids89='?' (Size = 27), @gameGuids90='?' (Size = 28), @gameGuids91='?' (Size = 30), @gameGuids92='?' (Size = 29), @gameGuids93='?' (Size = 27), @gameGuids94='?' (Size = 29), @gameGuids95='?' (Size = 30), @gameGuids96='?' (Size = 30), @gameGuids97='?' (Size = 30), @gameGuids98='?' (Size = 29), @gameGuids99='?' (Size = 29), @gameGuids100='?' (Size = 31), @gameGuids101='?' (Size = 29), @gameGuids102='?' (Size = 29), @gameGuids103='?' (Size = 29), @gameGuids104='?' (Size = 29), @gameGuids105='?' (Size = 30), @gameGuids106='?' (Size = 29), @gameGuids107='?' (Size = 31), @gameGuids108='?' (Size = 29), @gameGuids109='?' (Size = 30), @gameGuids110='?' (Size = 29), @gameGuids111='?' (Size = 30), @gameGuids112='?' (Size = 29), @gameGuids113='?' (Size = 30), @gameGuids114='?' (Size = 28), @gameGuids115='?' (Size = 28), @gameGuids116='?' (Size = 31), @gameGuids117='?' (Size = 30), @gameGuids118='?' (Size = 30), @gameGuids119='?' (Size = 29), @gameGuids120='?' (Size = 31), @gameGuids121='?' (Size = 30), @gameGuids122='?' (Size = 29), @gameGuids123='?' (Size = 30), @gameGuids124='?' (Size = 28), @gameGuids125='?' (Size = 28), @gameGuids126='?' (Size = 28), @gameGuids127='?' (Size = 28), @gameGuids128='?' (Size = 28), @gameGuids129='?' (Size = 31), @gameGuids130='?' (Size = 30), @gameGuids131='?' (Size = 30), @gameGuids132='?' (Size = 31), @gameGuids133='?' (Size = 31), @gameGuids134='?' (Size = 29), @gameGuids135='?' (Size = 31), @gameGuids136='?' (Size = 31), @gameGuids137='?' (Size = 30), @gameGuids138='?' (Size = 30), @gameGuids139='?' (Size = 30), @gameGuids140='?' (Size = 31), @gameGuids141='?' (Size = 31), @gameGuids142='?' (Size = 31), @gameGuids143='?' (Size = 31), @gameGuids144='?' (Size = 31), @gameGuids145='?' (Size = 31), @gameGuids146='?' (Size = 31), @gameGuids147='?' (Size = 31), @gameGuids148='?' (Size = 30), @gameGuids149='?' (Size = 30), @gameGuids150='?' (Size = 31), @gameGuids151='?' (Size = 30), @gameGuids152='?' (Size = 30), @gameGuids153='?' (Size = 31), @gameGuids154='?' (Size = 31), @gameGuids155='?' (Size = 29), @gameGuids156='?' (Size = 31), @gameGuids157='?' (Size = 31), @gameGuids158='?' (Size = 31), @gameGuids159='?' (Size = 31), @gameGuids160='?' (Size = 29), @gameGuids161='?' (Size = 31), @gameGuids162='?' (Size = 31), @gameGuids163='?' (Size = 31), @gameGuids164='?' (Size = 31), @gameGuids165='?' (Size = 31), @gameGuids166='?' (Size = 31), @gameGuids167='?' (Size = 31), @gameGuids168='?' (Size = 29), @gameGuids169='?' (Size = 29), @gameGuids170='?' (Size = 30), @gameGuids171='?' (Size = 30), @gameGuids172='?' (Size = 30), @gameGuids173='?' (Size = 30), @gameGuids174='?' (Size = 30), @gameGuids175='?' (Size = 30), @gameGuids176='?' (Size = 28), @gameGuids177='?' (Size = 31), @gameGuids178='?' (Size = 31), @gameGuids179='?' (Size = 31), @gameGuids180='?' (Size = 31), @gameGuids181='?' (Size = 29), @gameGuids182='?' (Size = 29), @gameGuids183='?' (Size = 29), @gameGuids184='?' (Size = 31), @gameGuids185='?' (Size = 31), @gameGuids186='?' (Size = 31), @gameGuids187='?' (Size = 31), @gameGuids188='?' (Size = 31), @gameGuids189='?' (Size = 31), @gameGuids190='?' (Size = 30), @gameGuids191='?' (Size = 30), @gameGuids192='?' (Size = 30), @gameGuids193='?' (Size = 30), @gameGuids194='?' (Size = 31), @gameGuids195='?' (Size = 28), @gameGuids196='?' (Size = 28), @gameGuids197='?' (Size = 28), @gameGuids198='?' (Size = 30), @gameGuids199='?' (Size = 30), @gameGuids200='?' (Size = 30), @gameGuids201='?' (Size = 30), @gameGuids202='?' (Size = 28), @gameGuids203='?' (Size = 30), @gameGuids204='?' (Size = 30), @gameGuids205='?' (Size = 31), @gameGuids206='?' (Size = 31), @gameGuids207='?' (Size = 31), @gameGuids208='?' (Size = 31), @gameGuids209='?' (Size = 30), @gameGuids210='?' (Size = 30), @gameGuids211='?' (Size = 30), @gameGuids212='?' (Size = 30), @gameGuids213='?' (Size = 30), @gameGuids214='?' (Size = 28), @gameGuids215='?' (Size = 30), @gameGuids216='?' (Size = 30), @gameGuids217='?' (Size = 30), @gameGuids218='?' (Size = 30), @gameGuids219='?' (Size = 31), @gameGuids220='?' (Size = 31), @gameGuids221='?' (Size = 30), @gameGuids222='?' (Size = 30), @gameGuids223='?' (Size = 31), @gameGuids224='?' (Size = 31), @gameGuids225='?' (Size = 29), @gameGuids226='?' (Size = 31), @gameGuids227='?' (Size = 31), @gameGuids228='?' (Size = 31), @gameGuids229='?' (Size = 31), @gameGuids230='?' (Size = 31), @gameGuids231='?' (Size = 30), @gameGuids232='?' (Size = 29), @gameGuids233='?' (Size = 29), @gameGuids234='?' (Size = 29), @gameGuids235='?' (Size = 29), @gameGuids236='?' (Size = 29), @gameGuids237='?' (Size = 31), @gameGuids238='?' (Size = 31), @gameGuids239='?' (Size = 31), @gameGuids240='?' (Size = 31), @gameGuids241='?' (Size = 31), @gameGuids242='?' (Size = 31), @gameGuids243='?' (Size = 28), @gameGuids244='?' (Size = 30), @gameGuids245='?' (Size = 30), @gameGuids246='?' (Size = 31), @gameGuids247='?' (Size = 31), @gameGuids248='?' (Size = 31), @gameGuids249='?' (Size = 31), @gameGuids250='?' (Size = 31), @gameGuids251='?' (Size = 31), @gameGuids252='?' (Size = 31), @gameGuids253='?' (Size = 31), @gameGuids254='?' (Size = 27), @gameGuids255='?' (Size = 27), @gameGuids256='?' (Size = 27), @gameGuids257='?' (Size = 30), @gameGuids258='?' (Size = 30), @gameGuids259='?' (Size = 31), @gameGuids260='?' (Size = 31), @gameGuids261='?' (Size = 31), @gameGuids262='?' (Size = 31), @gameGuids263='?' (Size = 28), @gameGuids264='?' (Size = 31), @gameGuids265='?' (Size = 31), @gameGuids266='?' (Size = 30), @gameGuids267='?' (Size = 30), @gameGuids268='?' (Size = 29), @gameGuids269='?' (Size = 29), @gameGuids270='?' (Size = 30), @gameGuids271='?' (Size = 31), @gameGuids272='?' (Size = 31), @gameGuids273='?' (Size = 31), @gameGuids274='?' (Size = 31), @gameGuids275='?' (Size = 31), @gameGuids276='?' (Size = 31), @gameGuids277='?' (Size = 30), @gameGuids278='?' (Size = 30), @gameGuids279='?' (Size = 31), @gameGuids280='?' (Size = 31), @gameGuids281='?' (Size = 31), @gameGuids282='?' (Size = 31), @gameGuids283='?' (Size = 29), @gameGuids284='?' (Size = 29), @gameGuids285='?' (Size = 29), @gameGuids286='?' (Size = 30), @gameGuids287='?' (Size = 31), @gameGuids288='?' (Size = 31), @gameGuids289='?' (Size = 29), @gameGuids290='?' (Size = 29), @gameGuids291='?' (Size = 30), @gameGuids292='?' (Size = 30), @gameGuids293='?' (Size = 31), @gameGuids294='?' (Size = 31), @gameGuids295='?' (Size = 31), @gameGuids296='?' (Size = 31), @gameGuids297='?' (Size = 29), @gameGuids298='?' (Size = 29), @gameGuids299='?' (Size = 31), @gameGuids300='?' (Size = 31), @gameGuids301='?' (Size = 31), @gameGuids302='?' (Size = 31), @gameGuids303='?' (Size = 31), @gameGuids304='?' (Size = 26), @gameGuids305='?' (Size = 30), @gameGuids306='?' (Size = 31), @gameGuids307='?' (Size = 31), @gameGuids308='?' (Size = 31), @gameGuids309='?' (Size = 31), @gameGuids310='?' (Size = 31), @gameGuids311='?' (Size = 31), @gameGuids312='?' (Size = 30), @gameGuids313='?' (Size = 30), @gameGuids314='?' (Size = 31), @gameGuids315='?' (Size = 31), @gameGuids316='?' (Size = 31), @gameGuids317='?' (Size = 31), @gameGuids318='?' (Size = 30), @gameGuids319='?' (Size = 31), @gameGuids320='?' (Size = 31), @gameGuids321='?' (Size = 29), @gameGuids322='?' (Size = 29), @gameGuids323='?' (Size = 30), @gameGuids324='?' (Size = 30), @gameGuids325='?' (Size = 30), @gameGuids326='?' (Size = 30), @gameGuids327='?' (Size = 30), @gameGuids328='?' (Size = 30), @gameGuids329='?' (Size = 31), @gameGuids330='?' (Size = 31), @gameGuids331='?' (Size = 29), @gameGuids332='?' (Size = 31), @gameGuids333='?' (Size = 31), @gameGuids334='?' (Size = 31), @gameGuids335='?' (Size = 31), @gameGuids336='?' (Size = 31), @gameGuids337='?' (Size = 25), @gameGuids338='?' (Size = 28), @gameGuids339='?' (Size = 28), @gameGuids340='?' (Size = 26), @gameGuids341='?' (Size = 28), @gameGuids342='?' (Size = 30), @gameGuids343='?' (Size = 31), @gameGuids344='?' (Size = 31), @gameGuids345='?' (Size = 31), @gameGuids346='?' (Size = 30), @gameGuids347='?' (Size = 30), @gameGuids348='?' (Size = 29), @gameGuids349='?' (Size = 27), @gameGuids350='?' (Size = 27), @gameGuids351='?' (Size = 27), @gameGuids352='?' (Size = 29), @gameGuids353='?' (Size = 29), @gameGuids354='?' (Size = 28), @gameGuids355='?' (Size = 28), @gameGuids356='?' (Size = 28), @gameGuids357='?' (Size = 29), @gameGuids358='?' (Size = 29), @gameGuids359='?' (Size = 29), @gameGuids360='?' (Size = 31), @gameGuids361='?' (Size = 31), @gameGuids362='?' (Size = 31), @gameGuids363='?' (Size = 31), @gameGuids364='?' (Size = 31), @gameGuids365='?' (Size = 31), @gameGuids366='?' (Size = 30), @gameGuids367='?' (Size = 31), @gameGuids368='?' (Size = 31), @gameGuids369='?' (Size = 31), @gameGuids370='?' (Size = 31), @gameGuids371='?' (Size = 31), @gameGuids372='?' (Size = 31), @gameGuids373='?' (Size = 31), @gameGuids374='?' (Size = 31), @gameGuids375='?' (Size = 31), @gameGuids376='?' (Size = 31), @gameGuids377='?' (Size = 31), @gameGuids378='?' (Size = 31), @gameGuids379='?' (Size = 31), @gameGuids380='?' (Size = 31), @gameGuids381='?' (Size = 31), @gameGuids382='?' (Size = 31), @gameGuids383='?' (Size = 30), @gameGuids384='?' (Size = 28), @gameGuids385='?' (Size = 31), @gameGuids386='?' (Size = 31), @gameGuids387='?' (Size = 31), @gameGuids388='?' (Size = 31), @gameGuids389='?' (Size = 31), @gameGuids390='?' (Size = 30), @gameGuids391='?' (Size = 30), @gameGuids392='?' (Size = 29), @gameGuids393='?' (Size = 29), @gameGuids394='?' (Size = 28), @gameGuids395='?' (Size = 28), @gameGuids396='?' (Size = 28), @gameGuids397='?' (Size = 28), @gameGuids398='?' (Size = 28), @gameGuids399='?' (Size = 28), @gameGuids400='?' (Size = 31), @gameGuids401='?' (Size = 31), @gameGuids402='?' (Size = 28), @gameGuids403='?' (Size = 28), @gameGuids404='?' (Size = 28), @gameGuids405='?' (Size = 28), @gameGuids406='?' (Size = 28), @gameGuids407='?' (Size = 28), @gameGuids408='?' (Size = 30), @gameGuids409='?' (Size = 30), @gameGuids410='?' (Size = 31), @gameGuids411='?' (Size = 31), @gameGuids412='?' (Size = 31), @gameGuids413='?' (Size = 31), @gameGuids414='?' (Size = 29), @gameGuids415='?' (Size = 29), @gameGuids416='?' (Size = 31), @gameGuids417='?' (Size = 31), @gameGuids418='?' (Size = 29), @gameGuids419='?' (Size = 31), @gameGuids420='?' (Size = 31), @gameGuids421='?' (Size = 31), @gameGuids422='?' (Size = 31), @gameGuids423='?' (Size = 30), @gameGuids424='?' (Size = 30), @gameGuids425='?' (Size = 31), @gameGuids426='?' (Size = 31), @gameGuids427='?' (Size = 31), @gameGuids428='?' (Size = 31), @gameGuids429='?' (Size = 31), @gameGuids430='?' (Size = 29), @gameGuids431='?' (Size = 29), @gameGuids432='?' (Size = 28), @gameGuids433='?' (Size = 29), @gameGuids434='?' (Size = 31), @gameGuids435='?' (Size = 31), @gameGuids436='?' (Size = 29), @gameGuids437='?' (Size = 31), @gameGuids438='?' (Size = 31), @gameGuids439='?' (Size = 30), @gameGuids440='?' (Size = 30), @gameGuids441='?' (Size = 27), @gameGuids442='?' (Size = 30), @gameGuids443='?' (Size = 30), @gameGuids444='?' (Size = 31), @gameGuids445='?' (Size = 30), @gameGuids446='?' (Size = 30), @gameGuids447='?' (Size = 30), @gameGuids448='?' (Size = 28), @gameGuids449='?' (Size = 30), @gameGuids450='?' (Size = 31), @gameGuids451='?' (Size = 31), @gameGuids452='?' (Size = 31), @gameGuids453='?' (Size = 29), @gameGuids454='?' (Size = 29), @gameGuids455='?' (Size = 29), @gameGuids456='?' (Size = 28), @gameGuids457='?' (Size = 28), @gameGuids458='?' (Size = 28), @gameGuids459='?' (Size = 28), @gameGuids460='?' (Size = 31), @gameGuids461='?' (Size = 31), @gameGuids462='?' (Size = 29), @gameGuids463='?' (Size = 31), @gameGuids464='?' (Size = 29), @gameGuids465='?' (Size = 28), @gameGuids466='?' (Size = 30), @gameGuids467='?' (Size = 28), @gameGuids468='?' (Size = 30), @gameGuids469='?' (Size = 31), @gameGuids470='?' (Size = 30), @gameGuids471='?' (Size = 30), @gameGuids472='?' (Size = 27), @gameGuids473='?' (Size = 30), @gameGuids474='?' (Size = 31), @gameGuids475='?' (Size = 31), @gameGuids476='?' (Size = 30), @gameGuids477='?' (Size = 30), @gameGuids478='?' (Size = 31), @gameGuids479='?' (Size = 29), @gameGuids480='?' (Size = 30), @gameGuids481='?' (Size = 31), @gameGuids482='?' (Size = 29), @gameGuids483='?' (Size = 29), @gameGuids484='?' (Size = 30), @gameGuids485='?' (Size = 30), @gameGuids486='?' (Size = 30), @gameGuids487='?' (Size = 30), @gameGuids488='?' (Size = 30), @gameGuids489='?' (Size = 30), @gameGuids490='?' (Size = 31), @gameGuids491='?' (Size = 30), @gameGuids492='?' (Size = 30), @gameGuids493='?' (Size = 31), @gameGuids494='?' (Size = 30), @gameGuids495='?' (Size = 28), @gameGuids496='?' (Size = 29), @gameGuids497='?' (Size = 29), @gameGuids498='?' (Size = 29), @gameGuids499='?' (Size = 27), @gameGuids500='?' (Size = 27), @gameGuids501='?' (Size = 27), @gameGuids502='?' (Size = 27), @gameGuids503='?' (Size = 27), @gameGuids504='?' (Size = 29), @gameGuids505='?' (Size = 31), @gameGuids506='?' (Size = 29), @gameGuids507='?' (Size = 31), @gameGuids508='?' (Size = 31), @gameGuids509='?' (Size = 28), @gameGuids510='?' (Size = 29), @gameGuids511='?' (Size = 29), @gameGuids512='?' (Size = 29), @gameGuids513='?' (Size = 29), @gameGuids514='?' (Size = 26), @gameGuids515='?' (Size = 29), @gameGuids516='?' (Size = 29), @gameGuids517='?' (Size = 29), @gameGuids518='?' (Size = 30), @gameGuids519='?' (Size = 29), @gameGuids520='?' (Size = 31), @gameGuids521='?' (Size = 31), @gameGuids522='?' (Size = 28), @gameGuids523='?' (Size = 30), @gameGuids524='?' (Size = 29), @gameGuids525='?' (Size = 30), @gameGuids526='?' (Size = 29), @gameGuids527='?' (Size = 30), @gameGuids528='?' (Size = 28), @gameGuids529='?' (Size = 31), @gameGuids530='?' (Size = 31), @gameGuids531='?' (Size = 31), @gameGuids532='?' (Size = 26), @gameGuids533='?' (Size = 27), @gameGuids534='?' (Size = 31), @gameGuids535='?' (Size = 29), @gameGuids536='?' (Size = 30), @gameGuids537='?' (Size = 31), @gameGuids538='?' (Size = 26), @gameGuids539='?' (Size = 29), @gameGuids540='?' (Size = 29), @gameGuids541='?' (Size = 31), @gameGuids542='?' (Size = 31), @gameGuids543='?' (Size = 28), @gameGuids544='?' (Size = 29), @gameGuids545='?' (Size = 31), @gameGuids546='?' (Size = 31), @gameGuids547='?' (Size = 31), @gameGuids548='?' (Size = 30), @gameGuids549='?' (Size = 31), @gameGuids550='?' (Size = 31), @gameGuids551='?' (Size = 27), @gameGuids552='?' (Size = 30), @gameGuids553='?' (Size = 31), @gameGuids554='?' (Size = 29), @gameGuids555='?' (Size = 29), @gameGuids556='?' (Size = 31), @gameGuids557='?' (Size = 29), @gameGuids558='?' (Size = 30), @gameGuids559='?' (Size = 29), @gameGuids560='?' (Size = 28), @gameGuids561='?' (Size = 27), @gameGuids562='?' (Size = 31), @gameGuids563='?' (Size = 28), @gameGuids564='?' (Size = 28), @gameGuids565='?' (Size = 27), @gameGuids566='?' (Size = 30), @gameGuids567='?' (Size = 28), @gameGuids568='?' (Size = 31), @gameGuids569='?' (Size = 31), @gameGuids570='?' (Size = 31), @gameGuids571='?' (Size = 29), @gameGuids572='?' (Size = 31), @gameGuids573='?' (Size = 30), @gameGuids574='?' (Size = 27), @gameGuids575='?' (Size = 29), @gameGuids576='?' (Size = 27), @gameGuids577='?' (Size = 31), @gameGuids578='?' (Size = 31), @gameGuids579='?' (Size = 29), @gameGuids580='?' (Size = 30), @gameGuids581='?' (Size = 30), @gameGuids582='?' (Size = 29), @gameGuids583='?' (Size = 29), @gameGuids584='?' (Size = 29), @gameGuids585='?' (Size = 29), @gameGuids586='?' (Size = 30), @gameGuids587='?' (Size = 31), @gameGuids588='?' (Size = 28), @gameGuids589='?' (Size = 30), @gameGuids590='?' (Size = 28), @gameGuids591='?' (Size = 30), @gameGuids592='?' (Size = 30), @gameGuids593='?' (Size = 31), @gameGuids594='?' (Size = 31), @gameGuids595='?' (Size = 31), @gameGuids596='?' (Size = 29), @gameGuids597='?' (Size = 27), @gameGuids598='?' (Size = 31), @gameGuids599='?' (Size = 30), @gameGuids600='?' (Size = 28), @gameGuids601='?' (Size = 28), @gameGuids602='?' (Size = 28), @gameGuids603='?' (Size = 28), @gameGuids604='?' (Size = 30), @gameGuids605='?' (Size = 30), @gameGuids606='?' (Size = 31), @gameGuids607='?' (Size = 29), @gameGuids608='?' (Size = 28), @gameGuids609='?' (Size = 30), @gameGuids610='?' (Size = 30), @gameGuids611='?' (Size = 30), @gameGuids612='?' (Size = 31), @gameGuids613='?' (Size = 29), @gameGuids614='?' (Size = 30), @gameGuids615='?' (Size = 30), @gameGuids616='?' (Size = 31), @gameGuids617='?' (Size = 29), @gameGuids618='?' (Size = 29), @gameGuids619='?' (Size = 30), @gameGuids620='?' (Size = 29), @gameGuids621='?' (Size = 30), @gameGuids622='?' (Size = 29), @gameGuids623='?' (Size = 28), @gameGuids624='?' (Size = 30), @gameGuids625='?' (Size = 31), @gameGuids626='?' (Size = 29), @gameGuids627='?' (Size = 30), @gameGuids628='?' (Size = 27), @gameGuids629='?' (Size = 31), @gameGuids630='?' (Size = 29), @gameGuids631='?' (Size = 29), @gameGuids632='?' (Size = 31), @gameGuids633='?' (Size = 28), @gameGuids634='?' (Size = 30), @gameGuids635='?' (Size = 29), @gameGuids636='?' (Size = 28), @gameGuids637='?' (Size = 30), @gameGuids638='?' (Size = 31), @gameGuids639='?' (Size = 31), @gameGuids640='?' (Size = 28), @gameGuids641='?' (Size = 31), @gameGuids642='?' (Size = 31), @gameGuids643='?' (Size = 30), @gameGuids644='?' (Size = 31), @gameGuids645='?' (Size = 30), @gameGuids646='?' (Size = 30), @gameGuids647='?' (Size = 29), @gameGuids648='?' (Size = 30), @gameGuids649='?' (Size = 30), @gameGuids650='?' (Size = 30), @gameGuids651='?' (Size = 30), @gameGuids652='?' (Size = 31), @gameGuids653='?' (Size = 26), @gameGuids654='?' (Size = 31), @gameGuids655='?' (Size = 29), @gameGuids656='?' (Size = 29), @gameGuids657='?' (Size = 28), @gameGuids658='?' (Size = 27), @gameGuids659='?' (Size = 28), @gameGuids660='?' (Size = 31), @gameGuids661='?' (Size = 30), @gameGuids662='?' (Size = 30), @gameGuids663='?' (Size = 29), @gameGuids664='?' (Size = 31), @gameGuids665='?' (Size = 31), @gameGuids666='?' (Size = 30), @gameGuids667='?' (Size = 31), @gameGuids668='?' (Size = 30), @gameGuids669='?' (Size = 30), @gameGuids670='?' (Size = 30), @gameGuids671='?' (Size = 31), @gameGuids672='?' (Size = 30), @gameGuids673='?' (Size = 29), @gameGuids674='?' (Size = 29), @gameGuids675='?' (Size = 29), @gameGuids676='?' (Size = 29), @gameGuids677='?' (Size = 29), @gameGuids678='?' (Size = 25), @gameGuids679='?' (Size = 29), @gameGuids680='?' (Size = 30), @gameGuids681='?' (Size = 27), @gameGuids682='?' (Size = 30), @gameGuids683='?' (Size = 27), @gameGuids684='?' (Size = 28), @gameGuids685='?' (Size = 28), @gameGuids686='?' (Size = 28), @gameGuids687='?' (Size = 28), @gameGuids688='?' (Size = 28), @gameGuids689='?' (Size = 28), @gameGuids690='?' (Size = 28), @gameGuids691='?' (Size = 28), @gameGuids692='?' (Size = 28), @gameGuids693='?' (Size = 28), @gameGuids694='?' (Size = 28), @gameGuids695='?' (Size = 28), @gameGuids696='?' (Size = 28), @gameGuids697='?' (Size = 28), @gameGuids698='?' (Size = 28), @gameGuids699='?' (Size = 28), @gameGuids700='?' (Size = 28), @minRounds='?' (DbType = Int32), @p='?' (DbType = Double)], CommandType='Text', CommandTimeout='60']
SELECT COUNT(*)
FROM (
    SELECT 1
    FROM ""PlayerMapStats"" AS ""p""
    WHERE ""p"".""ServerGuid"" <> '' AND (""p"".""Year"" > @startYear OR (""p"".""Year"" = @startYear AND ""p"".""Month"" >= @startMonth)) AND (""p"".""Year"" < @endYear OR (""p"".""Year"" = @endYear AND ""p"".""Month"" <= @endMonth)) AND ""p"".""ServerGuid"" IN (@gameGuids1, @gameGuids2, @gameGuids3, @gameGuids4, @gameGuids5, @gameGuids6, @gameGuids7, @gameGuids8, @gameGuids9, @gameGuids10, @gameGuids11, @gameGuids12, @gameGuids13, @gameGuids14, @gameGuids15, @gameGuids16, @gameGuids17, @gameGuids18, @gameGuids19, @gameGuids20, @gameGuids21, @gameGuids22, @gameGuids23, @gameGuids24, @gameGuids25, @gameGuids26, @gameGuids27, @gameGuids28, @gameGuids29, @gameGuids30, @gameGuids31, @gameGuids32, @gameGuids33, @gameGuids34, @gameGuids35, @gameGuids36, @gameGuids37, @gameGuids38, @gameGuids39, @gameGuids40, @gameGuids41, @gameGuids42, @gameGuids43, @gameGuids44, @gameGuids45, @gameGuids46, @gameGuids47, @gameGuids48, @gameGuids49, @gameGuids50, @gameGuids51, @gameGuids52, @gameGuids53, @gameGuids54, @gameGuids55, @gameGuids56, @gameGuids57, @gameGuids58, @gameGuids59, @gameGuids60, @gameGuids61, @gameGuids62, @gameGuids63, @gameGuids64, @gameGuids65, @gameGuids66, @gameGuids67, @gameGuids68, @gameGuids69, @gameGuids70, @gameGuids71, @gameGuids72, @gameGuids73, @gameGuids74, @gameGuids75, @gameGuids76, @gameGuids77, @gameGuids78, @gameGuids79, @gameGuids80, @gameGuids81, @gameGuids82, @gameGuids83, @gameGuids84, @gameGuids85, @gameGuids86, @gameGuids87, @gameGuids88, @gameGuids89, @gameGuids90, @gameGuids91, @gameGuids92, @gameGuids93, @gameGuids94, @gameGuids95, @gameGuids96, @gameGuids97, @gameGuids98, @gameGuids99, @gameGuids100, @gameGuids101, @gameGuids102, @gameGuids103, @gameGuids104, @gameGuids105, @gameGuids106, @gameGuids107, @gameGuids108, @gameGuids109, @gameGuids110, @gameGuids111, @gameGuids112, @gameGuids113, @gameGuids114, @gameGuids115, @gameGuids116, @gameGuids117, @gameGuids118, @gameGuids119, @gameGuids120, @gameGuids121, @gameGuids122, @gameGuids123, @gameGuids124, @gameGuids125, @gameGuids126, @gameGuids127, @gameGuids128, @gameGuids129, @gameGuids130, @gameGuids131, @gameGuids132, @gameGuids133, @gameGuids134, @gameGuids135, @gameGuids136, @gameGuids137, @gameGuids138, @gameGuids139, @gameGuids140, @gameGuids141, @gameGuids142, @gameGuids143, @gameGuids144, @gameGuids145, @gameGuids146, @gameGuids147, @gameGuids148, @gameGuids149, @gameGuids150, @gameGuids151, @gameGuids152, @gameGuids153, @gameGuids154, @gameGuids155, @gameGuids156, @gameGuids157, @gameGuids158, @gameGuids159, @gameGuids160, @gameGuids161, @gameGuids162, @gameGuids163, @gameGuids164, @gameGuids165, @gameGuids166, @gameGuids167, @gameGuids168, @gameGuids169, @gameGuids170, @gameGuids171, @gameGuids172, @gameGuids173, @gameGuids174, @gameGuids175, @gameGuids176, @gameGuids177, @gameGuids178, @gameGuids179, @gameGuids180, @gameGuids181, @gameGuids182, @gameGuids183, @gameGuids184, @gameGuids185, @gameGuids186, @gameGuids187, @gameGuids188, @gameGuids189, @gameGuids190, @gameGuids191, @gameGuids192, @gameGuids193, @gameGuids194, @gameGuids195, @gameGuids196, @gameGuids197, @gameGuids198, @gameGuids199, @gameGuids200, @gameGuids201, @gameGuids202, @gameGuids203, @gameGuids204, @gameGuids205, @gameGuids206, @gameGuids207, @gameGuids208, @gameGuids209, @gameGuids210, @gameGuids211, @gameGuids212, @gameGuids213, @gameGuids214, @gameGuids215, @gameGuids216, @gameGuids217, @gameGuids218, @gameGuids219, @gameGuids220, @gameGuids221, @gameGuids222, @gameGuids223, @gameGuids224, @gameGuids225, @gameGuids226, @gameGuids227, @gameGuids228, @gameGuids229, @gameGuids230, @gameGuids231, @gameGuids232, @gameGuids233, @gameGuids234, @gameGuids235, @gameGuids236, @gameGuids237, @gameGuids238, @gameGuids239, @gameGuids240, @gameGuids241, @gameGuids242, @gameGuids243, @gameGuids244, @gameGuids245, @gameGuids246, @gameGuids247, @gameGuids248, @gameGuids249, @gameGuids250, @gameGuids251, @gameGuids252, @gameGuids253, @gameGuids254, @gameGuids255, @gameGuids256, @gameGuids257, @gameGuids258, @gameGuids259, @gameGuids260, @gameGuids261, @gameGuids262, @gameGuids263, @gameGuids264, @gameGuids265, @gameGuids266, @gameGuids267, @gameGuids268, @gameGuids269, @gameGuids270, @gameGuids271, @gameGuids272, @gameGuids273, @gameGuids274, @gameGuids275, @gameGuids276, @gameGuids277, @gameGuids278, @gameGuids279, @gameGuids280, @gameGuids281, @gameGuids282, @gameGuids283, @gameGuids284, @gameGuids285, @gameGuids286, @gameGuids287, @gameGuids288, @gameGuids289, @gameGuids290, @gameGuids291, @gameGuids292, @gameGuids293, @gameGuids294, @gameGuids295, @gameGuids296, @gameGuids297, @gameGuids298, @gameGuids299, @gameGuids300, @gameGuids301, @gameGuids302, @gameGuids303, @gameGuids304, @gameGuids305, @gameGuids306, @gameGuids307, @gameGuids308, @gameGuids309, @gameGuids310, @gameGuids311, @gameGuids312, @gameGuids313, @gameGuids314, @gameGuids315, @gameGuids316, @gameGuids317, @gameGuids318, @gameGuids319, @gameGuids320, @gameGuids321, @gameGuids322, @gameGuids323, @gameGuids324, @gameGuids325, @gameGuids326, @gameGuids327, @gameGuids328, @gameGuids329, @gameGuids330, @gameGuids331, @gameGuids332, @gameGuids333, @gameGuids334, @gameGuids335, @gameGuids336, @gameGuids337, @gameGuids338, @gameGuids339, @gameGuids340, @gameGuids341, @gameGuids342, @gameGuids343, @gameGuids344, @gameGuids345, @gameGuids346, @gameGuids347, @gameGuids348, @gameGuids349, @gameGuids350, @gameGuids351, @gameGuids352, @gameGuids353, @gameGuids354, @gameGuids355, @gameGuids356, @gameGuids357, @gameGuids358, @gameGuids359, @gameGuids360, @gameGuids361, @gameGuids362, @gameGuids363, @gameGuids364, @gameGuids365, @gameGuids366, @gameGuids367, @gameGuids368, @gameGuids369, @gameGuids370, @gameGuids371, @gameGuids372, @gameGuids373, @gameGuids374, @gameGuids375, @gameGuids376, @gameGuids377, @gameGuids378, @gameGuids379, @gameGuids380, @gameGuids381, @gameGuids382, @gameGuids383, @gameGuids384, @gameGuids385, @gameGuids386, @gameGuids387, @gameGuids388, @gameGuids389, @gameGuids390, @gameGuids391, @gameGuids392, @gameGuids393, @gameGuids394, @gameGuids395, @gameGuids396, @gameGuids397, @gameGuids398, @gameGuids399, @gameGuids400, @gameGuids401, @gameGuids402, @gameGuids403, @gameGuids404, @gameGuids405, @gameGuids406, @gameGuids407, @gameGuids408, @gameGuids409, @gameGuids410, @gameGuids411, @gameGuids412, @gameGuids413, @gameGuids414, @gameGuids415, @gameGuids416, @gameGuids417, @gameGuids418, @gameGuids419, @gameGuids420, @gameGuids421, @gameGuids422, @gameGuids423, @gameGuids424, @gameGuids425, @gameGuids426, @gameGuids427, @gameGuids428, @gameGuids429, @gameGuids430, @gameGuids431, @gameGuids432, @gameGuids433, @gameGuids434, @gameGuids435, @gameGuids436, @gameGuids437, @gameGuids438, @gameGuids439, @gameGuids440, @gameGuids441, @gameGuids442, @gameGuids443, @gameGuids444, @gameGuids445, @gameGuids446, @gameGuids447, @gameGuids448, @gameGuids449, @gameGuids450, @gameGuids451, @gameGuids452, @gameGuids453, @gameGuids454, @gameGuids455, @gameGuids456, @gameGuids457, @gameGuids458, @gameGuids459, @gameGuids460, @gameGuids461, @gameGuids462, @gameGuids463, @gameGuids464, @gameGuids465, @gameGuids466, @gameGuids467, @gameGuids468, @gameGuids469, @gameGuids470, @gameGuids471, @gameGuids472, @gameGuids473, @gameGuids474, @gameGuids475, @gameGuids476, @gameGuids477, @gameGuids478, @gameGuids479, @gameGuids480, @gameGuids481, @gameGuids482, @gameGuids483, @gameGuids484, @gameGuids485, @gameGuids486, @gameGuids487, @gameGuids488, @gameGuids489, @gameGuids490, @gameGuids491, @gameGuids492, @gameGuids493, @gameGuids494, @gameGuids495, @gameGuids496, @gameGuids497, @gameGuids498, @gameGuids499, @gameGuids500, @gameGuids501, @gameGuids502, @gameGuids503, @gameGuids504, @gameGuids505, @gameGuids506, @gameGuids507, @gameGuids508, @gameGuids509, @gameGuids510, @gameGuids511, @gameGuids512, @gameGuids513, @gameGuids514, @gameGuids515, @gameGuids516, @gameGuids517, @gameGuids518, @gameGuids519, @gameGuids520, @gameGuids521, @gameGuids522, @gameGuids523, @gameGuids524, @gameGuids525, @gameGuids526, @gameGuids527, @gameGuids528, @gameGuids529, @gameGuids530, @gameGuids531, @gameGuids532, @gameGuids533, @gameGuids534, @gameGuids535, @gameGuids536, @gameGuids537, @gameGuids538, @gameGuids539, @gameGuids540, @gameGuids541, @gameGuids542, @gameGuids543, @gameGuids544, @gameGuids545, @gameGuids546, @gameGuids547, @gameGuids548, @gameGuids549, @gameGuids550, @gameGuids551, @gameGuids552, @gameGuids553, @gameGuids554, @gameGuids555, @gameGuids556, @gameGuids557, @gameGuids558, @gameGuids559, @gameGuids560, @gameGuids561, @gameGuids562, @gameGuids563, @gameGuids564, @gameGuids565, @gameGuids566, @gameGuids567, @gameGuids568, @gameGuids569, @gameGuids570, @gameGuids571, @gameGuids572, @gameGuids573, @gameGuids574, @gameGuids575, @gameGuids576, @gameGuids577, @gameGuids578, @gameGuids579, @gameGuids580, @gameGuids581, @gameGuids582, @gameGuids583, @gameGuids584, @gameGuids585, @gameGuids586, @gameGuids587, @gameGuids588, @gameGuids589, @gameGuids590, @gameGuids591, @gameGuids592, @gameGuids593, @gameGuids594, @gameGuids595, @gameGuids596, @gameGuids597, @gameGuids598, @gameGuids599, @gameGuids600, @gameGuids601, @gameGuids602, @gameGuids603, @gameGuids604, @gameGuids605, @gameGuids606, @gameGuids607, @gameGuids608, @gameGuids609, @gameGuids610, @gameGuids611, @gameGuids612, @gameGuids613, @gameGuids614, @gameGuids615, @gameGuids616, @gameGuids617, @gameGuids618, @gameGuids619, @gameGuids620, @gameGuids621, @gameGuids622, @gameGuids623, @gameGuids624, @gameGuids625, @gameGuids626, @gameGuids627, @gameGuids628, @gameGuids629, @gameGuids630, @gameGuids631, @gameGuids632, @gameGuids633, @gameGuids634, @gameGuids635, @gameGuids636, @gameGuids637, @gameGuids638, @gameGuids639, @gameGuids640, @gameGuids641, @gameGuids642, @gameGuids643, @gameGuids644, @gameGuids645, @gameGuids646, @gameGuids647, @gameGuids648, @gameGuids649, @gameGuids650, @gameGuids651, @gameGuids652, @gameGuids653, @gameGuids654, @gameGuids655, @gameGuids656, @gameGuids657, @gameGuids658, @gameGuids659, @gameGuids660, @gameGuids661, @gameGuids662, @gameGuids663, @gameGuids664, @gameGuids665, @gameGuids666, @gameGuids667, @gameGuids668, @gameGuids669, @gameGuids670, @gameGuids671, @gameGuids672, @gameGuids673, @gameGuids674, @gameGuids675, @gameGuids676, @gameGuids677, @gameGuids678, @gameGuids679, @gameGuids680, @gameGuids681, @gameGuids682, @gameGuids683, @gameGuids684, @gameGuids685, @gameGuids686, @gameGuids687, @gameGuids688, @gameGuids689, @gameGuids690, @gameGuids691, @gameGuids692, @gameGuids693, @gameGuids694, @gameGuids695, @gameGuids696, @gameGuids697, @gameGuids698, @gameGuids699, @gameGuids700)
    GROUP BY ""p"".""PlayerName""
    HAVING COALESCE(SUM(""p"".""TotalRounds""), 0) >= @minRounds AND COALESCE(SUM(""p"".""TotalPlayTimeMinutes""), 0.0) >= @p
) AS ""p0""",""
"event-a91daaa6f9f908de2700000000000000","0xad80e510","2026-08-14T11:46:21.2655782Z","OK","main",""
"event-a9f923a3f9f908de2300000000000000","0xe9507561","2026-08-14T11:46:22.7039139Z","Information","Executed DbCommand (1,392ms) [Parameters=[@startYear='?' (DbType = Int32), @startMonth='?' (DbType = Int32), @endYear='?' (DbType = Int32), @endMonth='?' (DbType = Int32), @gameGuids1='?' (Size = 29), @gameGuids2='?' (Size = 29), @gameGuids3='?' (Size = 30), @gameGuids4='?' (Size = 30), @gameGuids5='?' (Size = 30), @gameGuids6='?' (Size = 30), @gameGuids7='?' (Size = 29), @gameGuids8='?' (Size = 29), @gameGuids9='?' (Size = 31), @gameGuids10='?' (Size = 29), @gameGuids11='?' (Size = 29), @gameGuids12='?' (Size = 31), @gameGuids13='?' (Size = 31), @gameGuids14='?' (Size = 29), @gameGuids15='?' (Size = 29), @gameGuids16='?' (Size = 29), @gameGuids17='?' (Size = 29), @gameGuids18='?' (Size = 31), @gameGuids19='?' (Size = 30), @gameGuids20='?' (Size = 30), @gameGuids21='?' (Size = 29), @gameGuids22='?' (Size = 30), @gameGuids23='?' (Size = 30), @gameGuids24='?' (Size = 29), @gameGuids25='?' (Size = 28), @gameGuids26='?' (Size = 28), @gameGuids27='?' (Size = 29), @gameGuids28='?' (Size = 29), @gameGuids29='?' (Size = 28), @gameGuids30='?' (Size = 30), @gameGuids31='?' (Size = 28), @gameGuids32='?' (Size = 31), @gameGuids33='?' (Size = 28), @gameGuids34='?' (Size = 30), @gameGuids35='?' (Size = 30), @gameGuids36='?' (Size = 28), @gameGuids37='?' (Size = 29), @gameGuids38='?' (Size = 30), @gameGuids39='?' (Size = 29), @gameGuids40='?' (Size = 31), @gameGuids41='?' (Size = 30), @gameGuids42='?' (Size = 29), @gameGuids43='?' (Size = 29), @gameGuids44='?' (Size = 30), @gameGuids45='?' (Size = 30), @gameGuids46='?' (Size = 28), @gameGuids47='?' (Size = 31), @gameGuids48='?' (Size = 30), @gameGuids49='?' (Size = 30), @gameGuids50='?' (Size = 29), @gameGuids51='?' (Size = 29), @gameGuids52='?' (Size = 28), @gameGuids53='?' (Size = 29), @gameGuids54='?' (Size = 29), @gameGuids55='?' (Size = 27), @gameGuids56='?' (Size = 30), @gameGuids57='?' (Size = 29), @gameGuids58='?' (Size = 27), @gameGuids59='?' (Size = 29), @gameGuids60='?' (Size = 30), @gameGuids61='?' (Size = 31), @gameGuids62='?' (Size = 29), @gameGuids63='?' (Size = 31), @gameGuids64='?' (Size = 29), @gameGuids65='?' (Size = 29), @gameGuids66='?' (Size = 30), @gameGuids67='?' (Size = 28), @gameGuids68='?' (Size = 29), @gameGuids69='?' (Size = 30), @gameGuids70='?' (Size = 31), @gameGuids71='?' (Size = 29), @gameGuids72='?' (Size = 29), @gameGuids73='?' (Size = 29), @gameGuids74='?' (Size = 29), @gameGuids75='?' (Size = 29), @gameGuids76='?' (Size = 29), @gameGuids77='?' (Size = 28), @gameGuids78='?' (Size = 30), @gameGuids79='?' (Size = 30), @gameGuids80='?' (Size = 29), @gameGuids81='?' (Size = 29), @gameGuids82='?' (Size = 29), @gameGuids83='?' (Size = 29), @gameGuids84='?' (Size = 30), @gameGuids85='?' (Size = 29), @gameGuids86='?' (Size = 29), @gameGuids87='?' (Size = 28), @gameGuids88='?' (Size = 28), @gameGuids89='?' (Size = 27), @gameGuids90='?' (Size = 28), @gameGuids91='?' (Size = 30), @gameGuids92='?' (Size = 29), @gameGuids93='?' (Size = 27), @gameGuids94='?' (Size = 29), @gameGuids95='?' (Size = 30), @gameGuids96='?' (Size = 30), @gameGuids97='?' (Size = 30), @gameGuids98='?' (Size = 29), @gameGuids99='?' (Size = 29), @gameGuids100='?' (Size = 31), @gameGuids101='?' (Size = 29), @gameGuids102='?' (Size = 29), @gameGuids103='?' (Size = 29), @gameGuids104='?' (Size = 29), @gameGuids105='?' (Size = 30), @gameGuids106='?' (Size = 29), @gameGuids107='?' (Size = 31), @gameGuids108='?' (Size = 29), @gameGuids109='?' (Size = 30), @gameGuids110='?' (Size = 29), @gameGuids111='?' (Size = 30), @gameGuids112='?' (Size = 29), @gameGuids113='?' (Size = 30), @gameGuids114='?' (Size = 28), @gameGuids115='?' (Size = 28), @gameGuids116='?' (Size = 31), @gameGuids117='?' (Size = 30), @gameGuids118='?' (Size = 30), @gameGuids119='?' (Size = 29), @gameGuids120='?' (Size = 31), @gameGuids121='?' (Size = 30), @gameGuids122='?' (Size = 29), @gameGuids123='?' (Size = 30), @gameGuids124='?' (Size = 28), @gameGuids125='?' (Size = 28), @gameGuids126='?' (Size = 28), @gameGuids127='?' (Size = 28), @gameGuids128='?' (Size = 28), @gameGuids129='?' (Size = 31), @gameGuids130='?' (Size = 30), @gameGuids131='?' (Size = 30), @gameGuids132='?' (Size = 31), @gameGuids133='?' (Size = 31), @gameGuids134='?' (Size = 29), @gameGuids135='?' (Size = 31), @gameGuids136='?' (Size = 31), @gameGuids137='?' (Size = 30), @gameGuids138='?' (Size = 30), @gameGuids139='?' (Size = 30), @gameGuids140='?' (Size = 31), @gameGuids141='?' (Size = 31), @gameGuids142='?' (Size = 31), @gameGuids143='?' (Size = 31), @gameGuids144='?' (Size = 31), @gameGuids145='?' (Size = 31), @gameGuids146='?' (Size = 31), @gameGuids147='?' (Size = 31), @gameGuids148='?' (Size = 30), @gameGuids149='?' (Size = 30), @gameGuids150='?' (Size = 31), @gameGuids151='?' (Size = 30), @gameGuids152='?' (Size = 30), @gameGuids153='?' (Size = 31), @gameGuids154='?' (Size = 31), @gameGuids155='?' (Size = 29), @gameGuids156='?' (Size = 31), @gameGuids157='?' (Size = 31), @gameGuids158='?' (Size = 31), @gameGuids159='?' (Size = 31), @gameGuids160='?' (Size = 29), @gameGuids161='?' (Size = 31), @gameGuids162='?' (Size = 31), @gameGuids163='?' (Size = 31), @gameGuids164='?' (Size = 31), @gameGuids165='?' (Size = 31), @gameGuids166='?' (Size = 31), @gameGuids167='?' (Size = 31), @gameGuids168='?' (Size = 29), @gameGuids169='?' (Size = 29), @gameGuids170='?' (Size = 30), @gameGuids171='?' (Size = 30), @gameGuids172='?' (Size = 30), @gameGuids173='?' (Size = 30), @gameGuids174='?' (Size = 30), @gameGuids175='?' (Size = 30), @gameGuids176='?' (Size = 28), @gameGuids177='?' (Size = 31), @gameGuids178='?' (Size = 31), @gameGuids179='?' (Size = 31), @gameGuids180='?' (Size = 31), @gameGuids181='?' (Size = 29), @gameGuids182='?' (Size = 29), @gameGuids183='?' (Size = 29), @gameGuids184='?' (Size = 31), @gameGuids185='?' (Size = 31), @gameGuids186='?' (Size = 31), @gameGuids187='?' (Size = 31), @gameGuids188='?' (Size = 31), @gameGuids189='?' (Size = 31), @gameGuids190='?' (Size = 30), @gameGuids191='?' (Size = 30), @gameGuids192='?' (Size = 30), @gameGuids193='?' (Size = 30), @gameGuids194='?' (Size = 31), @gameGuids195='?' (Size = 28), @gameGuids196='?' (Size = 28), @gameGuids197='?' (Size = 28), @gameGuids198='?' (Size = 30), @gameGuids199='?' (Size = 30), @gameGuids200='?' (Size = 30), @gameGuids201='?' (Size = 30), @gameGuids202='?' (Size = 28), @gameGuids203='?' (Size = 30), @gameGuids204='?' (Size = 30), @gameGuids205='?' (Size = 31), @gameGuids206='?' (Size = 31), @gameGuids207='?' (Size = 31), @gameGuids208='?' (Size = 31), @gameGuids209='?' (Size = 30), @gameGuids210='?' (Size = 30), @gameGuids211='?' (Size = 30), @gameGuids212='?' (Size = 30), @gameGuids213='?' (Size = 30), @gameGuids214='?' (Size = 28), @gameGuids215='?' (Size = 30), @gameGuids216='?' (Size = 30), @gameGuids217='?' (Size = 30), @gameGuids218='?' (Size = 30), @gameGuids219='?' (Size = 31), @gameGuids220='?' (Size = 31), @gameGuids221='?' (Size = 30), @gameGuids222='?' (Size = 30), @gameGuids223='?' (Size = 31), @gameGuids224='?' (Size = 31), @gameGuids225='?' (Size = 29), @gameGuids226='?' (Size = 31), @gameGuids227='?' (Size = 31), @gameGuids228='?' (Size = 31), @gameGuids229='?' (Size = 31), @gameGuids230='?' (Size = 31), @gameGuids231='?' (Size = 30), @gameGuids232='?' (Size = 29), @gameGuids233='?' (Size = 29), @gameGuids234='?' (Size = 29), @gameGuids235='?' (Size = 29), @gameGuids236='?' (Size = 29), @gameGuids237='?' (Size = 31), @gameGuids238='?' (Size = 31), @gameGuids239='?' (Size = 31), @gameGuids240='?' (Size = 31), @gameGuids241='?' (Size = 31), @gameGuids242='?' (Size = 31), @gameGuids243='?' (Size = 28), @gameGuids244='?' (Size = 30), @gameGuids245='?' (Size = 30), @gameGuids246='?' (Size = 31), @gameGuids247='?' (Size = 31), @gameGuids248='?' (Size = 31), @gameGuids249='?' (Size = 31), @gameGuids250='?' (Size = 31), @gameGuids251='?' (Size = 31), @gameGuids252='?' (Size = 31), @gameGuids253='?' (Size = 31), @gameGuids254='?' (Size = 27), @gameGuids255='?' (Size = 27), @gameGuids256='?' (Size = 27), @gameGuids257='?' (Size = 30), @gameGuids258='?' (Size = 30), @gameGuids259='?' (Size = 31), @gameGuids260='?' (Size = 31), @gameGuids261='?' (Size = 31), @gameGuids262='?' (Size = 31), @gameGuids263='?' (Size = 28), @gameGuids264='?' (Size = 31), @gameGuids265='?' (Size = 31), @gameGuids266='?' (Size = 30), @gameGuids267='?' (Size = 30), @gameGuids268='?' (Size = 29), @gameGuids269='?' (Size = 29), @gameGuids270='?' (Size = 30), @gameGuids271='?' (Size = 31), @gameGuids272='?' (Size = 31), @gameGuids273='?' (Size = 31), @gameGuids274='?' (Size = 31), @gameGuids275='?' (Size = 31), @gameGuids276='?' (Size = 31), @gameGuids277='?' (Size = 30), @gameGuids278='?' (Size = 30), @gameGuids279='?' (Size = 31), @gameGuids280='?' (Size = 31), @gameGuids281='?' (Size = 31), @gameGuids282='?' (Size = 31), @gameGuids283='?' (Size = 29), @gameGuids284='?' (Size = 29), @gameGuids285='?' (Size = 29), @gameGuids286='?' (Size = 30), @gameGuids287='?' (Size = 31), @gameGuids288='?' (Size = 31), @gameGuids289='?' (Size = 29), @gameGuids290='?' (Size = 29), @gameGuids291='?' (Size = 30), @gameGuids292='?' (Size = 30), @gameGuids293='?' (Size = 31), @gameGuids294='?' (Size = 31), @gameGuids295='?' (Size = 31), @gameGuids296='?' (Size = 31), @gameGuids297='?' (Size = 29), @gameGuids298='?' (Size = 29), @gameGuids299='?' (Size = 31), @gameGuids300='?' (Size = 31), @gameGuids301='?' (Size = 31), @gameGuids302='?' (Size = 31), @gameGuids303='?' (Size = 31), @gameGuids304='?' (Size = 26), @gameGuids305='?' (Size = 30), @gameGuids306='?' (Size = 31), @gameGuids307='?' (Size = 31), @gameGuids308='?' (Size = 31), @gameGuids309='?' (Size = 31), @gameGuids310='?' (Size = 31), @gameGuids311='?' (Size = 31), @gameGuids312='?' (Size = 30), @gameGuids313='?' (Size = 30), @gameGuids314='?' (Size = 31), @gameGuids315='?' (Size = 31), @gameGuids316='?' (Size = 31), @gameGuids317='?' (Size = 31), @gameGuids318='?' (Size = 30), @gameGuids319='?' (Size = 31), @gameGuids320='?' (Size = 31), @gameGuids321='?' (Size = 29), @gameGuids322='?' (Size = 29), @gameGuids323='?' (Size = 30), @gameGuids324='?' (Size = 30), @gameGuids325='?' (Size = 30), @gameGuids326='?' (Size = 30), @gameGuids327='?' (Size = 30), @gameGuids328='?' (Size = 30), @gameGuids329='?' (Size = 31), @gameGuids330='?' (Size = 31), @gameGuids331='?' (Size = 29), @gameGuids332='?' (Size = 31), @gameGuids333='?' (Size = 31), @gameGuids334='?' (Size = 31), @gameGuids335='?' (Size = 31), @gameGuids336='?' (Size = 31), @gameGuids337='?' (Size = 25), @gameGuids338='?' (Size = 28), @gameGuids339='?' (Size = 28), @gameGuids340='?' (Size = 26), @gameGuids341='?' (Size = 28), @gameGuids342='?' (Size = 30), @gameGuids343='?' (Size = 31), @gameGuids344='?' (Size = 31), @gameGuids345='?' (Size = 31), @gameGuids346='?' (Size = 30), @gameGuids347='?' (Size = 30), @gameGuids348='?' (Size = 29), @gameGuids349='?' (Size = 27), @gameGuids350='?' (Size = 27), @gameGuids351='?' (Size = 27), @gameGuids352='?' (Size = 29), @gameGuids353='?' (Size = 29), @gameGuids354='?' (Size = 28), @gameGuids355='?' (Size = 28), @gameGuids356='?' (Size = 28), @gameGuids357='?' (Size = 29), @gameGuids358='?' (Size = 29), @gameGuids359='?' (Size = 29), @gameGuids360='?' (Size = 31), @gameGuids361='?' (Size = 31), @gameGuids362='?' (Size = 31), @gameGuids363='?' (Size = 31), @gameGuids364='?' (Size = 31), @gameGuids365='?' (Size = 31), @gameGuids366='?' (Size = 30), @gameGuids367='?' (Size = 31), @gameGuids368='?' (Size = 31), @gameGuids369='?' (Size = 31), @gameGuids370='?' (Size = 31), @gameGuids371='?' (Size = 31), @gameGuids372='?' (Size = 31), @gameGuids373='?' (Size = 31), @gameGuids374='?' (Size = 31), @gameGuids375='?' (Size = 31), @gameGuids376='?' (Size = 31), @gameGuids377='?' (Size = 31), @gameGuids378='?' (Size = 31), @gameGuids379='?' (Size = 31), @gameGuids380='?' (Size = 31), @gameGuids381='?' (Size = 31), @gameGuids382='?' (Size = 31), @gameGuids383='?' (Size = 30), @gameGuids384='?' (Size = 28), @gameGuids385='?' (Size = 31), @gameGuids386='?' (Size = 31), @gameGuids387='?' (Size = 31), @gameGuids388='?' (Size = 31), @gameGuids389='?' (Size = 31), @gameGuids390='?' (Size = 30), @gameGuids391='?' (Size = 30), @gameGuids392='?' (Size = 29), @gameGuids393='?' (Size = 29), @gameGuids394='?' (Size = 28), @gameGuids395='?' (Size = 28), @gameGuids396='?' (Size = 28), @gameGuids397='?' (Size = 28), @gameGuids398='?' (Size = 28), @gameGuids399='?' (Size = 28), @gameGuids400='?' (Size = 31), @gameGuids401='?' (Size = 31), @gameGuids402='?' (Size = 28), @gameGuids403='?' (Size = 28), @gameGuids404='?' (Size = 28), @gameGuids405='?' (Size = 28), @gameGuids406='?' (Size = 28), @gameGuids407='?' (Size = 28), @gameGuids408='?' (Size = 30), @gameGuids409='?' (Size = 30), @gameGuids410='?' (Size = 31), @gameGuids411='?' (Size = 31), @gameGuids412='?' (Size = 31), @gameGuids413='?' (Size = 31), @gameGuids414='?' (Size = 29), @gameGuids415='?' (Size = 29), @gameGuids416='?' (Size = 31), @gameGuids417='?' (Size = 31), @gameGuids418='?' (Size = 29), @gameGuids419='?' (Size = 31), @gameGuids420='?' (Size = 31), @gameGuids421='?' (Size = 31), @gameGuids422='?' (Size = 31), @gameGuids423='?' (Size = 30), @gameGuids424='?' (Size = 30), @gameGuids425='?' (Size = 31), @gameGuids426='?' (Size = 31), @gameGuids427='?' (Size = 31), @gameGuids428='?' (Size = 31), @gameGuids429='?' (Size = 31), @gameGuids430='?' (Size = 29), @gameGuids431='?' (Size = 29), @gameGuids432='?' (Size = 28), @gameGuids433='?' (Size = 29), @gameGuids434='?' (Size = 31), @gameGuids435='?' (Size = 31), @gameGuids436='?' (Size = 29), @gameGuids437='?' (Size = 31), @gameGuids438='?' (Size = 31), @gameGuids439='?' (Size = 30), @gameGuids440='?' (Size = 30), @gameGuids441='?' (Size = 27), @gameGuids442='?' (Size = 30), @gameGuids443='?' (Size = 30), @gameGuids444='?' (Size = 31), @gameGuids445='?' (Size = 30), @gameGuids446='?' (Size = 30), @gameGuids447='?' (Size = 30), @gameGuids448='?' (Size = 28), @gameGuids449='?' (Size = 30), @gameGuids450='?' (Size = 31), @gameGuids451='?' (Size = 31), @gameGuids452='?' (Size = 31), @gameGuids453='?' (Size = 29), @gameGuids454='?' (Size = 29), @gameGuids455='?' (Size = 29), @gameGuids456='?' (Size = 28), @gameGuids457='?' (Size = 28), @gameGuids458='?' (Size = 28), @gameGuids459='?' (Size = 28), @gameGuids460='?' (Size = 31), @gameGuids461='?' (Size = 31), @gameGuids462='?' (Size = 29), @gameGuids463='?' (Size = 31), @gameGuids464='?' (Size = 29), @gameGuids465='?' (Size = 28), @gameGuids466='?' (Size = 30), @gameGuids467='?' (Size = 28), @gameGuids468='?' (Size = 30), @gameGuids469='?' (Size = 31), @gameGuids470='?' (Size = 30), @gameGuids471='?' (Size = 30), @gameGuids472='?' (Size = 27), @gameGuids473='?' (Size = 30), @gameGuids474='?' (Size = 31), @gameGuids475='?' (Size = 31), @gameGuids476='?' (Size = 30), @gameGuids477='?' (Size = 30), @gameGuids478='?' (Size = 31), @gameGuids479='?' (Size = 29), @gameGuids480='?' (Size = 30), @gameGuids481='?' (Size = 31), @gameGuids482='?' (Size = 29), @gameGuids483='?' (Size = 29), @gameGuids484='?' (Size = 30), @gameGuids485='?' (Size = 30), @gameGuids486='?' (Size = 30), @gameGuids487='?' (Size = 30), @gameGuids488='?' (Size = 30), @gameGuids489='?' (Size = 30), @gameGuids490='?' (Size = 31), @gameGuids491='?' (Size = 30), @gameGuids492='?' (Size = 30), @gameGuids493='?' (Size = 31), @gameGuids494='?' (Size = 30), @gameGuids495='?' (Size = 28), @gameGuids496='?' (Size = 29), @gameGuids497='?' (Size = 29), @gameGuids498='?' (Size = 29), @gameGuids499='?' (Size = 27), @gameGuids500='?' (Size = 27), @gameGuids501='?' (Size = 27), @gameGuids502='?' (Size = 27), @gameGuids503='?' (Size = 27), @gameGuids504='?' (Size = 29), @gameGuids505='?' (Size = 31), @gameGuids506='?' (Size = 29), @gameGuids507='?' (Size = 31), @gameGuids508='?' (Size = 31), @gameGuids509='?' (Size = 28), @gameGuids510='?' (Size = 29), @gameGuids511='?' (Size = 29), @gameGuids512='?' (Size = 29), @gameGuids513='?' (Size = 29), @gameGuids514='?' (Size = 26), @gameGuids515='?' (Size = 29), @gameGuids516='?' (Size = 29), @gameGuids517='?' (Size = 29), @gameGuids518='?' (Size = 30), @gameGuids519='?' (Size = 29), @gameGuids520='?' (Size = 31), @gameGuids521='?' (Size = 31), @gameGuids522='?' (Size = 28), @gameGuids523='?' (Size = 30), @gameGuids524='?' (Size = 29), @gameGuids525='?' (Size = 30), @gameGuids526='?' (Size = 29), @gameGuids527='?' (Size = 30), @gameGuids528='?' (Size = 28), @gameGuids529='?' (Size = 31), @gameGuids530='?' (Size = 31), @gameGuids531='?' (Size = 31), @gameGuids532='?' (Size = 26), @gameGuids533='?' (Size = 27), @gameGuids534='?' (Size = 31), @gameGuids535='?' (Size = 29), @gameGuids536='?' (Size = 30), @gameGuids537='?' (Size = 31), @gameGuids538='?' (Size = 26), @gameGuids539='?' (Size = 29), @gameGuids540='?' (Size = 29), @gameGuids541='?' (Size = 31), @gameGuids542='?' (Size = 31), @gameGuids543='?' (Size = 28), @gameGuids544='?' (Size = 29), @gameGuids545='?' (Size = 31), @gameGuids546='?' (Size = 31), @gameGuids547='?' (Size = 31), @gameGuids548='?' (Size = 30), @gameGuids549='?' (Size = 31), @gameGuids550='?' (Size = 31), @gameGuids551='?' (Size = 27), @gameGuids552='?' (Size = 30), @gameGuids553='?' (Size = 31), @gameGuids554='?' (Size = 29), @gameGuids555='?' (Size = 29), @gameGuids556='?' (Size = 31), @gameGuids557='?' (Size = 29), @gameGuids558='?' (Size = 30), @gameGuids559='?' (Size = 29), @gameGuids560='?' (Size = 28), @gameGuids561='?' (Size = 27), @gameGuids562='?' (Size = 31), @gameGuids563='?' (Size = 28), @gameGuids564='?' (Size = 28), @gameGuids565='?' (Size = 27), @gameGuids566='?' (Size = 30), @gameGuids567='?' (Size = 28), @gameGuids568='?' (Size = 31), @gameGuids569='?' (Size = 31), @gameGuids570='?' (Size = 31), @gameGuids571='?' (Size = 29), @gameGuids572='?' (Size = 31), @gameGuids573='?' (Size = 30), @gameGuids574='?' (Size = 27), @gameGuids575='?' (Size = 29), @gameGuids576='?' (Size = 27), @gameGuids577='?' (Size = 31), @gameGuids578='?' (Size = 31), @gameGuids579='?' (Size = 29), @gameGuids580='?' (Size = 30), @gameGuids581='?' (Size = 30), @gameGuids582='?' (Size = 29), @gameGuids583='?' (Size = 29), @gameGuids584='?' (Size = 29), @gameGuids585='?' (Size = 29), @gameGuids586='?' (Size = 30), @gameGuids587='?' (Size = 31), @gameGuids588='?' (Size = 28), @gameGuids589='?' (Size = 30), @gameGuids590='?' (Size = 28), @gameGuids591='?' (Size = 30), @gameGuids592='?' (Size = 30), @gameGuids593='?' (Size = 31), @gameGuids594='?' (Size = 31), @gameGuids595='?' (Size = 31), @gameGuids596='?' (Size = 29), @gameGuids597='?' (Size = 27), @gameGuids598='?' (Size = 31), @gameGuids599='?' (Size = 30), @gameGuids600='?' (Size = 28), @gameGuids601='?' (Size = 28), @gameGuids602='?' (Size = 28), @gameGuids603='?' (Size = 28), @gameGuids604='?' (Size = 30), @gameGuids605='?' (Size = 30), @gameGuids606='?' (Size = 31), @gameGuids607='?' (Size = 29), @gameGuids608='?' (Size = 28), @gameGuids609='?' (Size = 30), @gameGuids610='?' (Size = 30), @gameGuids611='?' (Size = 30), @gameGuids612='?' (Size = 31), @gameGuids613='?' (Size = 29), @gameGuids614='?' (Size = 30), @gameGuids615='?' (Size = 30), @gameGuids616='?' (Size = 31), @gameGuids617='?' (Size = 29), @gameGuids618='?' (Size = 29), @gameGuids619='?' (Size = 30), @gameGuids620='?' (Size = 29), @gameGuids621='?' (Size = 30), @gameGuids622='?' (Size = 29), @gameGuids623='?' (Size = 28), @gameGuids624='?' (Size = 30), @gameGuids625='?' (Size = 31), @gameGuids626='?' (Size = 29), @gameGuids627='?' (Size = 30), @gameGuids628='?' (Size = 27), @gameGuids629='?' (Size = 31), @gameGuids630='?' (Size = 29), @gameGuids631='?' (Size = 29), @gameGuids632='?' (Size = 31), @gameGuids633='?' (Size = 28), @gameGuids634='?' (Size = 30), @gameGuids635='?' (Size = 29), @gameGuids636='?' (Size = 28), @gameGuids637='?' (Size = 30), @gameGuids638='?' (Size = 31), @gameGuids639='?' (Size = 31), @gameGuids640='?' (Size = 28), @gameGuids641='?' (Size = 31), @gameGuids642='?' (Size = 31), @gameGuids643='?' (Size = 30), @gameGuids644='?' (Size = 31), @gameGuids645='?' (Size = 30), @gameGuids646='?' (Size = 30), @gameGuids647='?' (Size = 29), @gameGuids648='?' (Size = 30), @gameGuids649='?' (Size = 30), @gameGuids650='?' (Size = 30), @gameGuids651='?' (Size = 30), @gameGuids652='?' (Size = 31), @gameGuids653='?' (Size = 26), @gameGuids654='?' (Size = 31), @gameGuids655='?' (Size = 29), @gameGuids656='?' (Size = 29), @gameGuids657='?' (Size = 28), @gameGuids658='?' (Size = 27), @gameGuids659='?' (Size = 28), @gameGuids660='?' (Size = 31), @gameGuids661='?' (Size = 30), @gameGuids662='?' (Size = 30), @gameGuids663='?' (Size = 29), @gameGuids664='?' (Size = 31), @gameGuids665='?' (Size = 31), @gameGuids666='?' (Size = 30), @gameGuids667='?' (Size = 31), @gameGuids668='?' (Size = 30), @gameGuids669='?' (Size = 30), @gameGuids670='?' (Size = 30), @gameGuids671='?' (Size = 31), @gameGuids672='?' (Size = 30), @gameGuids673='?' (Size = 29), @gameGuids674='?' (Size = 29), @gameGuids675='?' (Size = 29), @gameGuids676='?' (Size = 29), @gameGuids677='?' (Size = 29), @gameGuids678='?' (Size = 25), @gameGuids679='?' (Size = 29), @gameGuids680='?' (Size = 30), @gameGuids681='?' (Size = 27), @gameGuids682='?' (Size = 30), @gameGuids683='?' (Size = 27), @gameGuids684='?' (Size = 28), @gameGuids685='?' (Size = 28), @gameGuids686='?' (Size = 28), @gameGuids687='?' (Size = 28), @gameGuids688='?' (Size = 28), @gameGuids689='?' (Size = 28), @gameGuids690='?' (Size = 28), @gameGuids691='?' (Size = 28), @gameGuids692='?' (Size = 28), @gameGuids693='?' (Size = 28), @gameGuids694='?' (Size = 28), @gameGuids695='?' (Size = 28), @gameGuids696='?' (Size = 28), @gameGuids697='?' (Size = 28), @gameGuids698='?' (Size = 28), @gameGuids699='?' (Size = 28), @gameGuids700='?' (Size = 28), @minRounds='?' (DbType = Int32), @p='?' (DbType = Double), @p1='?' (DbType = Int32), @p0='?' (DbType = Int32)], CommandType='Text', CommandTimeout='60']
SELECT ""p"".""PlayerName"" AS ""Name"", COALESCE(SUM(""p"".""TotalKills""), 0) AS ""Kills"", COALESCE(SUM(""p"".""TotalDeaths""), 0) AS ""Deaths"", COALESCE(SUM(""p"".""TotalScore""), 0) AS ""Score"", COALESCE(SUM(""p"".""TotalPlayTimeMinutes""), 0.0) AS ""PlayMin"", COALESCE(SUM(""p"".""TotalRounds""), 0) AS ""Rounds""
FROM ""PlayerMapStats"" AS ""p""
WHERE ""p"".""ServerGuid"" <> '' AND (""p"".""Year"" > @startYear OR (""p"".""Year"" = @startYear AND ""p"".""Month"" >= @startMonth)) AND (""p"".""Year"" < @endYear OR (""p"".""Year"" = @endYear AND ""p"".""Month"" <= @endMonth)) AND ""p"".""ServerGuid"" IN (@gameGuids1, @gameGuids2, @gameGuids3, @gameGuids4, @gameGuids5, @gameGuids6, @gameGuids7, @gameGuids8, @gameGuids9, @gameGuids10, @gameGuids11, @gameGuids12, @gameGuids13, @gameGuids14, @gameGuids15, @gameGuids16, @gameGuids17, @gameGuids18, @gameGuids19, @gameGuids20, @gameGuids21, @gameGuids22, @gameGuids23, @gameGuids24, @gameGuids25, @gameGuids26, @gameGuids27, @gameGuids28, @gameGuids29, @gameGuids30, @gameGuids31, @gameGuids32, @gameGuids33, @gameGuids34, @gameGuids35, @gameGuids36, @gameGuids37, @gameGuids38, @gameGuids39, @gameGuids40, @gameGuids41, @gameGuids42, @gameGuids43, @gameGuids44, @gameGuids45, @gameGuids46, @gameGuids47, @gameGuids48, @gameGuids49, @gameGuids50, @gameGuids51, @gameGuids52, @gameGuids53, @gameGuids54, @gameGuids55, @gameGuids56, @gameGuids57, @gameGuids58, @gameGuids59, @gameGuids60, @gameGuids61, @gameGuids62, @gameGuids63, @gameGuids64, @gameGuids65, @gameGuids66, @gameGuids67, @gameGuids68, @gameGuids69, @gameGuids70, @gameGuids71, @gameGuids72, @gameGuids73, @gameGuids74, @gameGuids75, @gameGuids76, @gameGuids77, @gameGuids78, @gameGuids79, @gameGuids80, @gameGuids81, @gameGuids82, @gameGuids83, @gameGuids84, @gameGuids85, @gameGuids86, @gameGuids87, @gameGuids88, @gameGuids89, @gameGuids90, @gameGuids91, @gameGuids92, @gameGuids93, @gameGuids94, @gameGuids95, @gameGuids96, @gameGuids97, @gameGuids98, @gameGuids99, @gameGuids100, @gameGuids101, @gameGuids102, @gameGuids103, @gameGuids104, @gameGuids105, @gameGuids106, @gameGuids107, @gameGuids108, @gameGuids109, @gameGuids110, @gameGuids111, @gameGuids112, @gameGuids113, @gameGuids114, @gameGuids115, @gameGuids116, @gameGuids117, @gameGuids118, @gameGuids119, @gameGuids120, @gameGuids121, @gameGuids122, @gameGuids123, @gameGuids124, @gameGuids125, @gameGuids126, @gameGuids127, @gameGuids128, @gameGuids129, @gameGuids130, @gameGuids131, @gameGuids132, @gameGuids133, @gameGuids134, @gameGuids135, @gameGuids136, @gameGuids137, @gameGuids138, @gameGuids139, @gameGuids140, @gameGuids141, @gameGuids142, @gameGuids143, @gameGuids144, @gameGuids145, @gameGuids146, @gameGuids147, @gameGuids148, @gameGuids149, @gameGuids150, @gameGuids151, @gameGuids152, @gameGuids153, @gameGuids154, @gameGuids155, @gameGuids156, @gameGuids157, @gameGuids158, @gameGuids159, @gameGuids160, @gameGuids161, @gameGuids162, @gameGuids163, @gameGuids164, @gameGuids165, @gameGuids166, @gameGuids167, @gameGuids168, @gameGuids169, @gameGuids170, @gameGuids171, @gameGuids172, @gameGuids173, @gameGuids174, @gameGuids175, @gameGuids176, @gameGuids177, @gameGuids178, @gameGuids179, @gameGuids180, @gameGuids181, @gameGuids182, @gameGuids183, @gameGuids184, @gameGuids185, @gameGuids186, @gameGuids187, @gameGuids188, @gameGuids189, @gameGuids190, @gameGuids191, @gameGuids192, @gameGuids193, @gameGuids194, @gameGuids195, @gameGuids196, @gameGuids197, @gameGuids198, @gameGuids199, @gameGuids200, @gameGuids201, @gameGuids202, @gameGuids203, @gameGuids204, @gameGuids205, @gameGuids206, @gameGuids207, @gameGuids208, @gameGuids209, @gameGuids210, @gameGuids211, @gameGuids212, @gameGuids213, @gameGuids214, @gameGuids215, @gameGuids216, @gameGuids217, @gameGuids218, @gameGuids219, @gameGuids220, @gameGuids221, @gameGuids222, @gameGuids223, @gameGuids224, @gameGuids225, @gameGuids226, @gameGuids227, @gameGuids228, @gameGuids229, @gameGuids230, @gameGuids231, @gameGuids232, @gameGuids233, @gameGuids234, @gameGuids235, @gameGuids236, @gameGuids237, @gameGuids238, @gameGuids239, @gameGuids240, @gameGuids241, @gameGuids242, @gameGuids243, @gameGuids244, @gameGuids245, @gameGuids246, @gameGuids247, @gameGuids248, @gameGuids249, @gameGuids250, @gameGuids251, @gameGuids252, @gameGuids253, @gameGuids254, @gameGuids255, @gameGuids256, @gameGuids257, @gameGuids258, @gameGuids259, @gameGuids260, @gameGuids261, @gameGuids262, @gameGuids263, @gameGuids264, @gameGuids265, @gameGuids266, @gameGuids267, @gameGuids268, @gameGuids269, @gameGuids270, @gameGuids271, @gameGuids272, @gameGuids273, @gameGuids274, @gameGuids275, @gameGuids276, @gameGuids277, @gameGuids278, @gameGuids279, @gameGuids280, @gameGuids281, @gameGuids282, @gameGuids283, @gameGuids284, @gameGuids285, @gameGuids286, @gameGuids287, @gameGuids288, @gameGuids289, @gameGuids290, @gameGuids291, @gameGuids292, @gameGuids293, @gameGuids294, @gameGuids295, @gameGuids296, @gameGuids297, @gameGuids298, @gameGuids299, @gameGuids300, @gameGuids301, @gameGuids302, @gameGuids303, @gameGuids304, @gameGuids305, @gameGuids306, @gameGuids307, @gameGuids308, @gameGuids309, @gameGuids310, @gameGuids311, @gameGuids312, @gameGuids313, @gameGuids314, @gameGuids315, @gameGuids316, @gameGuids317, @gameGuids318, @gameGuids319, @gameGuids320, @gameGuids321, @gameGuids322, @gameGuids323, @gameGuids324, @gameGuids325, @gameGuids326, @gameGuids327, @gameGuids328, @gameGuids329, @gameGuids330, @gameGuids331, @gameGuids332, @gameGuids333, @gameGuids334, @gameGuids335, @gameGuids336, @gameGuids337, @gameGuids338, @gameGuids339, @gameGuids340, @gameGuids341, @gameGuids342, @gameGuids343, @gameGuids344, @gameGuids345, @gameGuids346, @gameGuids347, @gameGuids348, @gameGuids349, @gameGuids350, @gameGuids351, @gameGuids352, @gameGuids353, @gameGuids354, @gameGuids355, @gameGuids356, @gameGuids357, @gameGuids358, @gameGuids359, @gameGuids360, @gameGuids361, @gameGuids362, @gameGuids363, @gameGuids364, @gameGuids365, @gameGuids366, @gameGuids367, @gameGuids368, @gameGuids369, @gameGuids370, @gameGuids371, @gameGuids372, @gameGuids373, @gameGuids374, @gameGuids375, @gameGuids376, @gameGuids377, @gameGuids378, @gameGuids379, @gameGuids380, @gameGuids381, @gameGuids382, @gameGuids383, @gameGuids384, @gameGuids385, @gameGuids386, @gameGuids387, @gameGuids388, @gameGuids389, @gameGuids390, @gameGuids391, @gameGuids392, @gameGuids393, @gameGuids394, @gameGuids395, @gameGuids396, @gameGuids397, @gameGuids398, @gameGuids399, @gameGuids400, @gameGuids401, @gameGuids402, @gameGuids403, @gameGuids404, @gameGuids405, @gameGuids406, @gameGuids407, @gameGuids408, @gameGuids409, @gameGuids410, @gameGuids411, @gameGuids412, @gameGuids413, @gameGuids414, @gameGuids415, @gameGuids416, @gameGuids417, @gameGuids418, @gameGuids419, @gameGuids420, @gameGuids421, @gameGuids422, @gameGuids423, @gameGuids424, @gameGuids425, @gameGuids426, @gameGuids427, @gameGuids428, @gameGuids429, @gameGuids430, @gameGuids431, @gameGuids432, @gameGuids433, @gameGuids434, @gameGuids435, @gameGuids436, @gameGuids437, @gameGuids438, @gameGuids439, @gameGuids440, @gameGuids441, @gameGuids442, @gameGuids443, @gameGuids444, @gameGuids445, @gameGuids446, @gameGuids447, @gameGuids448, @gameGuids449, @gameGuids450, @gameGuids451, @gameGuids452, @gameGuids453, @gameGuids454, @gameGuids455, @gameGuids456, @gameGuids457, @gameGuids458, @gameGuids459, @gameGuids460, @gameGuids461, @gameGuids462, @gameGuids463, @gameGuids464, @gameGuids465, @gameGuids466, @gameGuids467, @gameGuids468, @gameGuids469, @gameGuids470, @gameGuids471, @gameGuids472, @gameGuids473, @gameGuids474, @gameGuids475, @gameGuids476, @gameGuids477, @gameGuids478, @gameGuids479, @gameGuids480, @gameGuids481, @gameGuids482, @gameGuids483, @gameGuids484, @gameGuids485, @gameGuids486, @gameGuids487, @gameGuids488, @gameGuids489, @gameGuids490, @gameGuids491, @gameGuids492, @gameGuids493, @gameGuids494, @gameGuids495, @gameGuids496, @gameGuids497, @gameGuids498, @gameGuids499, @gameGuids500, @gameGuids501, @gameGuids502, @gameGuids503, @gameGuids504, @gameGuids505, @gameGuids506, @gameGuids507, @gameGuids508, @gameGuids509, @gameGuids510, @gameGuids511, @gameGuids512, @gameGuids513, @gameGuids514, @gameGuids515, @gameGuids516, @gameGuids517, @gameGuids518, @gameGuids519, @gameGuids520, @gameGuids521, @gameGuids522, @gameGuids523, @gameGuids524, @gameGuids525, @gameGuids526, @gameGuids527, @gameGuids528, @gameGuids529, @gameGuids530, @gameGuids531, @gameGuids532, @gameGuids533, @gameGuids534, @gameGuids535, @gameGuids536, @gameGuids537, @gameGuids538, @gameGuids539, @gameGuids540, @gameGuids541, @gameGuids542, @gameGuids543, @gameGuids544, @gameGuids545, @gameGuids546, @gameGuids547, @gameGuids548, @gameGuids549, @gameGuids550, @gameGuids551, @gameGuids552, @gameGuids553, @gameGuids554, @gameGuids555, @gameGuids556, @gameGuids557, @gameGuids558, @gameGuids559, @gameGuids560, @gameGuids561, @gameGuids562, @gameGuids563, @gameGuids564, @gameGuids565, @gameGuids566, @gameGuids567, @gameGuids568, @gameGuids569, @gameGuids570, @gameGuids571, @gameGuids572, @gameGuids573, @gameGuids574, @gameGuids575, @gameGuids576, @gameGuids577, @gameGuids578, @gameGuids579, @gameGuids580, @gameGuids581, @gameGuids582, @gameGuids583, @gameGuids584, @gameGuids585, @gameGuids586, @gameGuids587, @gameGuids588, @gameGuids589, @gameGuids590, @gameGuids591, @gameGuids592, @gameGuids593, @gameGuids594, @gameGuids595, @gameGuids596, @gameGuids597, @gameGuids598, @gameGuids599, @gameGuids600, @gameGuids601, @gameGuids602, @gameGuids603, @gameGuids604, @gameGuids605, @gameGuids606, @gameGuids607, @gameGuids608, @gameGuids609, @gameGuids610, @gameGuids611, @gameGuids612, @gameGuids613, @gameGuids614, @gameGuids615, @gameGuids616, @gameGuids617, @gameGuids618, @gameGuids619, @gameGuids620, @gameGuids621, @gameGuids622, @gameGuids623, @gameGuids624, @gameGuids625, @gameGuids626, @gameGuids627, @gameGuids628, @gameGuids629, @gameGuids630, @gameGuids631, @gameGuids632, @gameGuids633, @gameGuids634, @gameGuids635, @gameGuids636, @gameGuids637, @gameGuids638, @gameGuids639, @gameGuids640, @gameGuids641, @gameGuids642, @gameGuids643, @gameGuids644, @gameGuids645, @gameGuids646, @gameGuids647, @gameGuids648, @gameGuids649, @gameGuids650, @gameGuids651, @gameGuids652, @gameGuids653, @gameGuids654, @gameGuids655, @gameGuids656, @gameGuids657, @gameGuids658, @gameGuids659, @gameGuids660, @gameGuids661, @gameGuids662, @gameGuids663, @gameGuids664, @gameGuids665, @gameGuids666, @gameGuids667, @gameGuids668, @gameGuids669, @gameGuids670, @gameGuids671, @gameGuids672, @gameGuids673, @gameGuids674, @gameGuids675, @gameGuids676, @gameGuids677, @gameGuids678, @gameGuids679, @gameGuids680, @gameGuids681, @gameGuids682, @gameGuids683, @gameGuids684, @gameGuids685, @gameGuids686, @gameGuids687, @gameGuids688, @gameGuids689, @gameGuids690, @gameGuids691, @gameGuids692, @gameGuids693, @gameGuids694, @gameGuids695, @gameGuids696, @gameGuids697, @gameGuids698, @gameGuids699, @gameGuids700)
GROUP BY ""p"".""PlayerName""
HAVING COALESCE(SUM(""p"".""TotalRounds""), 0) >= @minRounds AND COALESCE(SUM(""p"".""TotalPlayTimeMinutes""), 0.0) >= @p
ORDER BY COALESCE(SUM(""p"".""TotalRounds""), 0) DESC, COALESCE(SUM(""p"".""TotalScore""), 0) DESC
LIMIT @p1 OFFSET @p0",""
"event-a9f93114f9f908de2800000000000000","0xad80e510","2026-08-14T11:46:22.7042580Z","OK","main",""
"event-aa03d400f9f908de2400000000000000","0xe9507561","2026-08-14T11:46:22.7739648Z","Information","Executed DbCommand (27ms) [Parameters=[@startYear='?' (DbType = Int32), @startMonth='?' (DbType = Int32), @endYear='?' (DbType = Int32), @endMonth='?' (DbType = Int32), @gameGuids1='?' (Size = 29), @gameGuids2='?' (Size = 29), @gameGuids3='?' (Size = 30), @gameGuids4='?' (Size = 30), @gameGuids5='?' (Size = 30), @gameGuids6='?' (Size = 30), @gameGuids7='?' (Size = 29), @gameGuids8='?' (Size = 29), @gameGuids9='?' (Size = 31), @gameGuids10='?' (Size = 29), @gameGuids11='?' (Size = 29), @gameGuids12='?' (Size = 31), @gameGuids13='?' (Size = 31), @gameGuids14='?' (Size = 29), @gameGuids15='?' (Size = 29), @gameGuids16='?' (Size = 29), @gameGuids17='?' (Size = 29), @gameGuids18='?' (Size = 31), @gameGuids19='?' (Size = 30), @gameGuids20='?' (Size = 30), @gameGuids21='?' (Size = 29), @gameGuids22='?' (Size = 30), @gameGuids23='?' (Size = 30), @gameGuids24='?' (Size = 29), @gameGuids25='?' (Size = 28), @gameGuids26='?' (Size = 28), @gameGuids27='?' (Size = 29), @gameGuids28='?' (Size = 29), @gameGuids29='?' (Size = 28), @gameGuids30='?' (Size = 30), @gameGuids31='?' (Size = 28), @gameGuids32='?' (Size = 31), @gameGuids33='?' (Size = 28), @gameGuids34='?' (Size = 30), @gameGuids35='?' (Size = 30), @gameGuids36='?' (Size = 28), @gameGuids37='?' (Size = 29), @gameGuids38='?' (Size = 30), @gameGuids39='?' (Size = 29), @gameGuids40='?' (Size = 31), @gameGuids41='?' (Size = 30), @gameGuids42='?' (Size = 29), @gameGuids43='?' (Size = 29), @gameGuids44='?' (Size = 30), @gameGuids45='?' (Size = 30), @gameGuids46='?' (Size = 28), @gameGuids47='?' (Size = 31), @gameGuids48='?' (Size = 30), @gameGuids49='?' (Size = 30), @gameGuids50='?' (Size = 29), @gameGuids51='?' (Size = 29), @gameGuids52='?' (Size = 28), @gameGuids53='?' (Size = 29), @gameGuids54='?' (Size = 29), @gameGuids55='?' (Size = 27), @gameGuids56='?' (Size = 30), @gameGuids57='?' (Size = 29), @gameGuids58='?' (Size = 27), @gameGuids59='?' (Size = 29), @gameGuids60='?' (Size = 30), @gameGuids61='?' (Size = 31), @gameGuids62='?' (Size = 29), @gameGuids63='?' (Size = 31), @gameGuids64='?' (Size = 29), @gameGuids65='?' (Size = 29), @gameGuids66='?' (Size = 30), @gameGuids67='?' (Size = 28), @gameGuids68='?' (Size = 29), @gameGuids69='?' (Size = 30), @gameGuids70='?' (Size = 31), @gameGuids71='?' (Size = 29), @gameGuids72='?' (Size = 29), @gameGuids73='?' (Size = 29), @gameGuids74='?' (Size = 29), @gameGuids75='?' (Size = 29), @gameGuids76='?' (Size = 29), @gameGuids77='?' (Size = 28), @gameGuids78='?' (Size = 30), @gameGuids79='?' (Size = 30), @gameGuids80='?' (Size = 29), @gameGuids81='?' (Size = 29), @gameGuids82='?' (Size = 29), @gameGuids83='?' (Size = 29), @gameGuids84='?' (Size = 30), @gameGuids85='?' (Size = 29), @gameGuids86='?' (Size = 29), @gameGuids87='?' (Size = 28), @gameGuids88='?' (Size = 28), @gameGuids89='?' (Size = 27), @gameGuids90='?' (Size = 28), @gameGuids91='?' (Size = 30), @gameGuids92='?' (Size = 29), @gameGuids93='?' (Size = 27), @gameGuids94='?' (Size = 29), @gameGuids95='?' (Size = 30), @gameGuids96='?' (Size = 30), @gameGuids97='?' (Size = 30), @gameGuids98='?' (Size = 29), @gameGuids99='?' (Size = 29), @gameGuids100='?' (Size = 31), @gameGuids101='?' (Size = 29), @gameGuids102='?' (Size = 29), @gameGuids103='?' (Size = 29), @gameGuids104='?' (Size = 29), @gameGuids105='?' (Size = 30), @gameGuids106='?' (Size = 29), @gameGuids107='?' (Size = 31), @gameGuids108='?' (Size = 29), @gameGuids109='?' (Size = 30), @gameGuids110='?' (Size = 29), @gameGuids111='?' (Size = 30), @gameGuids112='?' (Size = 29), @gameGuids113='?' (Size = 30), @gameGuids114='?' (Size = 28), @gameGuids115='?' (Size = 28), @gameGuids116='?' (Size = 31), @gameGuids117='?' (Size = 30), @gameGuids118='?' (Size = 30), @gameGuids119='?' (Size = 29), @gameGuids120='?' (Size = 31), @gameGuids121='?' (Size = 30), @gameGuids122='?' (Size = 29), @gameGuids123='?' (Size = 30), @gameGuids124='?' (Size = 28), @gameGuids125='?' (Size = 28), @gameGuids126='?' (Size = 28), @gameGuids127='?' (Size = 28), @gameGuids128='?' (Size = 28), @gameGuids129='?' (Size = 31), @gameGuids130='?' (Size = 30), @gameGuids131='?' (Size = 30), @gameGuids132='?' (Size = 31), @gameGuids133='?' (Size = 31), @gameGuids134='?' (Size = 29), @gameGuids135='?' (Size = 31), @gameGuids136='?' (Size = 31), @gameGuids137='?' (Size = 30), @gameGuids138='?' (Size = 30), @gameGuids139='?' (Size = 30), @gameGuids140='?' (Size = 31), @gameGuids141='?' (Size = 31), @gameGuids142='?' (Size = 31), @gameGuids143='?' (Size = 31), @gameGuids144='?' (Size = 31), @gameGuids145='?' (Size = 31), @gameGuids146='?' (Size = 31), @gameGuids147='?' (Size = 31), @gameGuids148='?' (Size = 30), @gameGuids149='?' (Size = 30), @gameGuids150='?' (Size = 31), @gameGuids151='?' (Size = 30), @gameGuids152='?' (Size = 30), @gameGuids153='?' (Size = 31), @gameGuids154='?' (Size = 31), @gameGuids155='?' (Size = 29), @gameGuids156='?' (Size = 31), @gameGuids157='?' (Size = 31), @gameGuids158='?' (Size = 31), @gameGuids159='?' (Size = 31), @gameGuids160='?' (Size = 29), @gameGuids161='?' (Size = 31), @gameGuids162='?' (Size = 31), @gameGuids163='?' (Size = 31), @gameGuids164='?' (Size = 31), @gameGuids165='?' (Size = 31), @gameGuids166='?' (Size = 31), @gameGuids167='?' (Size = 31), @gameGuids168='?' (Size = 29), @gameGuids169='?' (Size = 29), @gameGuids170='?' (Size = 30), @gameGuids171='?' (Size = 30), @gameGuids172='?' (Size = 30), @gameGuids173='?' (Size = 30), @gameGuids174='?' (Size = 30), @gameGuids175='?' (Size = 30), @gameGuids176='?' (Size = 28), @gameGuids177='?' (Size = 31), @gameGuids178='?' (Size = 31), @gameGuids179='?' (Size = 31), @gameGuids180='?' (Size = 31), @gameGuids181='?' (Size = 29), @gameGuids182='?' (Size = 29), @gameGuids183='?' (Size = 29), @gameGuids184='?' (Size = 31), @gameGuids185='?' (Size = 31), @gameGuids186='?' (Size = 31), @gameGuids187='?' (Size = 31), @gameGuids188='?' (Size = 31), @gameGuids189='?' (Size = 31), @gameGuids190='?' (Size = 30), @gameGuids191='?' (Size = 30), @gameGuids192='?' (Size = 30), @gameGuids193='?' (Size = 30), @gameGuids194='?' (Size = 31), @gameGuids195='?' (Size = 28), @gameGuids196='?' (Size = 28), @gameGuids197='?' (Size = 28), @gameGuids198='?' (Size = 30), @gameGuids199='?' (Size = 30), @gameGuids200='?' (Size = 30), @gameGuids201='?' (Size = 30), @gameGuids202='?' (Size = 28), @gameGuids203='?' (Size = 30), @gameGuids204='?' (Size = 30), @gameGuids205='?' (Size = 31), @gameGuids206='?' (Size = 31), @gameGuids207='?' (Size = 31), @gameGuids208='?' (Size = 31), @gameGuids209='?' (Size = 30), @gameGuids210='?' (Size = 30), @gameGuids211='?' (Size = 30), @gameGuids212='?' (Size = 30), @gameGuids213='?' (Size = 30), @gameGuids214='?' (Size = 28), @gameGuids215='?' (Size = 30), @gameGuids216='?' (Size = 30), @gameGuids217='?' (Size = 30), @gameGuids218='?' (Size = 30), @gameGuids219='?' (Size = 31), @gameGuids220='?' (Size = 31), @gameGuids221='?' (Size = 30), @gameGuids222='?' (Size = 30), @gameGuids223='?' (Size = 31), @gameGuids224='?' (Size = 31), @gameGuids225='?' (Size = 29), @gameGuids226='?' (Size = 31), @gameGuids227='?' (Size = 31), @gameGuids228='?' (Size = 31), @gameGuids229='?' (Size = 31), @gameGuids230='?' (Size = 31), @gameGuids231='?' (Size = 30), @gameGuids232='?' (Size = 29), @gameGuids233='?' (Size = 29), @gameGuids234='?' (Size = 29), @gameGuids235='?' (Size = 29), @gameGuids236='?' (Size = 29), @gameGuids237='?' (Size = 31), @gameGuids238='?' (Size = 31), @gameGuids239='?' (Size = 31), @gameGuids240='?' (Size = 31), @gameGuids241='?' (Size = 31), @gameGuids242='?' (Size = 31), @gameGuids243='?' (Size = 28), @gameGuids244='?' (Size = 30), @gameGuids245='?' (Size = 30), @gameGuids246='?' (Size = 31), @gameGuids247='?' (Size = 31), @gameGuids248='?' (Size = 31), @gameGuids249='?' (Size = 31), @gameGuids250='?' (Size = 31), @gameGuids251='?' (Size = 31), @gameGuids252='?' (Size = 31), @gameGuids253='?' (Size = 31), @gameGuids254='?' (Size = 27), @gameGuids255='?' (Size = 27), @gameGuids256='?' (Size = 27), @gameGuids257='?' (Size = 30), @gameGuids258='?' (Size = 30), @gameGuids259='?' (Size = 31), @gameGuids260='?' (Size = 31), @gameGuids261='?' (Size = 31), @gameGuids262='?' (Size = 31), @gameGuids263='?' (Size = 28), @gameGuids264='?' (Size = 31), @gameGuids265='?' (Size = 31), @gameGuids266='?' (Size = 30), @gameGuids267='?' (Size = 30), @gameGuids268='?' (Size = 29), @gameGuids269='?' (Size = 29), @gameGuids270='?' (Size = 30), @gameGuids271='?' (Size = 31), @gameGuids272='?' (Size = 31), @gameGuids273='?' (Size = 31), @gameGuids274='?' (Size = 31), @gameGuids275='?' (Size = 31), @gameGuids276='?' (Size = 31), @gameGuids277='?' (Size = 30), @gameGuids278='?' (Size = 30), @gameGuids279='?' (Size = 31), @gameGuids280='?' (Size = 31), @gameGuids281='?' (Size = 31), @gameGuids282='?' (Size = 31), @gameGuids283='?' (Size = 29), @gameGuids284='?' (Size = 29), @gameGuids285='?' (Size = 29), @gameGuids286='?' (Size = 30), @gameGuids287='?' (Size = 31), @gameGuids288='?' (Size = 31), @gameGuids289='?' (Size = 29), @gameGuids290='?' (Size = 29), @gameGuids291='?' (Size = 30), @gameGuids292='?' (Size = 30), @gameGuids293='?' (Size = 31), @gameGuids294='?' (Size = 31), @gameGuids295='?' (Size = 31), @gameGuids296='?' (Size = 31), @gameGuids297='?' (Size = 29), @gameGuids298='?' (Size = 29), @gameGuids299='?' (Size = 31), @gameGuids300='?' (Size = 31), @gameGuids301='?' (Size = 31), @gameGuids302='?' (Size = 31), @gameGuids303='?' (Size = 31), @gameGuids304='?' (Size = 26), @gameGuids305='?' (Size = 30), @gameGuids306='?' (Size = 31), @gameGuids307='?' (Size = 31), @gameGuids308='?' (Size = 31), @gameGuids309='?' (Size = 31), @gameGuids310='?' (Size = 31), @gameGuids311='?' (Size = 31), @gameGuids312='?' (Size = 30), @gameGuids313='?' (Size = 30), @gameGuids314='?' (Size = 31), @gameGuids315='?' (Size = 31), @gameGuids316='?' (Size = 31), @gameGuids317='?' (Size = 31), @gameGuids318='?' (Size = 30), @gameGuids319='?' (Size = 31), @gameGuids320='?' (Size = 31), @gameGuids321='?' (Size = 29), @gameGuids322='?' (Size = 29), @gameGuids323='?' (Size = 30), @gameGuids324='?' (Size = 30), @gameGuids325='?' (Size = 30), @gameGuids326='?' (Size = 30), @gameGuids327='?' (Size = 30), @gameGuids328='?' (Size = 30), @gameGuids329='?' (Size = 31), @gameGuids330='?' (Size = 31), @gameGuids331='?' (Size = 29), @gameGuids332='?' (Size = 31), @gameGuids333='?' (Size = 31), @gameGuids334='?' (Size = 31), @gameGuids335='?' (Size = 31), @gameGuids336='?' (Size = 31), @gameGuids337='?' (Size = 25), @gameGuids338='?' (Size = 28), @gameGuids339='?' (Size = 28), @gameGuids340='?' (Size = 26), @gameGuids341='?' (Size = 28), @gameGuids342='?' (Size = 30), @gameGuids343='?' (Size = 31), @gameGuids344='?' (Size = 31), @gameGuids345='?' (Size = 31), @gameGuids346='?' (Size = 30), @gameGuids347='?' (Size = 30), @gameGuids348='?' (Size = 29), @gameGuids349='?' (Size = 27), @gameGuids350='?' (Size = 27), @gameGuids351='?' (Size = 27), @gameGuids352='?' (Size = 29), @gameGuids353='?' (Size = 29), @gameGuids354='?' (Size = 28), @gameGuids355='?' (Size = 28), @gameGuids356='?' (Size = 28), @gameGuids357='?' (Size = 29), @gameGuids358='?' (Size = 29), @gameGuids359='?' (Size = 29), @gameGuids360='?' (Size = 31), @gameGuids361='?' (Size = 31), @gameGuids362='?' (Size = 31), @gameGuids363='?' (Size = 31), @gameGuids364='?' (Size = 31), @gameGuids365='?' (Size = 31), @gameGuids366='?' (Size = 30), @gameGuids367='?' (Size = 31), @gameGuids368='?' (Size = 31), @gameGuids369='?' (Size = 31), @gameGuids370='?' (Size = 31), @gameGuids371='?' (Size = 31), @gameGuids372='?' (Size = 31), @gameGuids373='?' (Size = 31), @gameGuids374='?' (Size = 31), @gameGuids375='?' (Size = 31), @gameGuids376='?' (Size = 31), @gameGuids377='?' (Size = 31), @gameGuids378='?' (Size = 31), @gameGuids379='?' (Size = 31), @gameGuids380='?' (Size = 31), @gameGuids381='?' (Size = 31), @gameGuids382='?' (Size = 31), @gameGuids383='?' (Size = 30), @gameGuids384='?' (Size = 28), @gameGuids385='?' (Size = 31), @gameGuids386='?' (Size = 31), @gameGuids387='?' (Size = 31), @gameGuids388='?' (Size = 31), @gameGuids389='?' (Size = 31), @gameGuids390='?' (Size = 30), @gameGuids391='?' (Size = 30), @gameGuids392='?' (Size = 29), @gameGuids393='?' (Size = 29), @gameGuids394='?' (Size = 28), @gameGuids395='?' (Size = 28), @gameGuids396='?' (Size = 28), @gameGuids397='?' (Size = 28), @gameGuids398='?' (Size = 28), @gameGuids399='?' (Size = 28), @gameGuids400='?' (Size = 31), @gameGuids401='?' (Size = 31), @gameGuids402='?' (Size = 28), @gameGuids403='?' (Size = 28), @gameGuids404='?' (Size = 28), @gameGuids405='?' (Size = 28), @gameGuids406='?' (Size = 28), @gameGuids407='?' (Size = 28), @gameGuids408='?' (Size = 30), @gameGuids409='?' (Size = 30), @gameGuids410='?' (Size = 31), @gameGuids411='?' (Size = 31), @gameGuids412='?' (Size = 31), @gameGuids413='?' (Size = 31), @gameGuids414='?' (Size = 29), @gameGuids415='?' (Size = 29), @gameGuids416='?' (Size = 31), @gameGuids417='?' (Size = 31), @gameGuids418='?' (Size = 29), @gameGuids419='?' (Size = 31), @gameGuids420='?' (Size = 31), @gameGuids421='?' (Size = 31), @gameGuids422='?' (Size = 31), @gameGuids423='?' (Size = 30), @gameGuids424='?' (Size = 30), @gameGuids425='?' (Size = 31), @gameGuids426='?' (Size = 31), @gameGuids427='?' (Size = 31), @gameGuids428='?' (Size = 31), @gameGuids429='?' (Size = 31), @gameGuids430='?' (Size = 29), @gameGuids431='?' (Size = 29), @gameGuids432='?' (Size = 28), @gameGuids433='?' (Size = 29), @gameGuids434='?' (Size = 31), @gameGuids435='?' (Size = 31), @gameGuids436='?' (Size = 29), @gameGuids437='?' (Size = 31), @gameGuids438='?' (Size = 31), @gameGuids439='?' (Size = 30), @gameGuids440='?' (Size = 30), @gameGuids441='?' (Size = 27), @gameGuids442='?' (Size = 30), @gameGuids443='?' (Size = 30), @gameGuids444='?' (Size = 31), @gameGuids445='?' (Size = 30), @gameGuids446='?' (Size = 30), @gameGuids447='?' (Size = 30), @gameGuids448='?' (Size = 28), @gameGuids449='?' (Size = 30), @gameGuids450='?' (Size = 31), @gameGuids451='?' (Size = 31), @gameGuids452='?' (Size = 31), @gameGuids453='?' (Size = 29), @gameGuids454='?' (Size = 29), @gameGuids455='?' (Size = 29), @gameGuids456='?' (Size = 28), @gameGuids457='?' (Size = 28), @gameGuids458='?' (Size = 28), @gameGuids459='?' (Size = 28), @gameGuids460='?' (Size = 31), @gameGuids461='?' (Size = 31), @gameGuids462='?' (Size = 29), @gameGuids463='?' (Size = 31), @gameGuids464='?' (Size = 29), @gameGuids465='?' (Size = 28), @gameGuids466='?' (Size = 30), @gameGuids467='?' (Size = 28), @gameGuids468='?' (Size = 30), @gameGuids469='?' (Size = 31), @gameGuids470='?' (Size = 30), @gameGuids471='?' (Size = 30), @gameGuids472='?' (Size = 27), @gameGuids473='?' (Size = 30), @gameGuids474='?' (Size = 31), @gameGuids475='?' (Size = 31), @gameGuids476='?' (Size = 30), @gameGuids477='?' (Size = 30), @gameGuids478='?' (Size = 31), @gameGuids479='?' (Size = 29), @gameGuids480='?' (Size = 30), @gameGuids481='?' (Size = 31), @gameGuids482='?' (Size = 29), @gameGuids483='?' (Size = 29), @gameGuids484='?' (Size = 30), @gameGuids485='?' (Size = 30), @gameGuids486='?' (Size = 30), @gameGuids487='?' (Size = 30), @gameGuids488='?' (Size = 30), @gameGuids489='?' (Size = 30), @gameGuids490='?' (Size = 31), @gameGuids491='?' (Size = 30), @gameGuids492='?' (Size = 30), @gameGuids493='?' (Size = 31), @gameGuids494='?' (Size = 30), @gameGuids495='?' (Size = 28), @gameGuids496='?' (Size = 29), @gameGuids497='?' (Size = 29), @gameGuids498='?' (Size = 29), @gameGuids499='?' (Size = 27), @gameGuids500='?' (Size = 27), @gameGuids501='?' (Size = 27), @gameGuids502='?' (Size = 27), @gameGuids503='?' (Size = 27), @gameGuids504='?' (Size = 29), @gameGuids505='?' (Size = 31), @gameGuids506='?' (Size = 29), @gameGuids507='?' (Size = 31), @gameGuids508='?' (Size = 31), @gameGuids509='?' (Size = 28), @gameGuids510='?' (Size = 29), @gameGuids511='?' (Size = 29), @gameGuids512='?' (Size = 29), @gameGuids513='?' (Size = 29), @gameGuids514='?' (Size = 26), @gameGuids515='?' (Size = 29), @gameGuids516='?' (Size = 29), @gameGuids517='?' (Size = 29), @gameGuids518='?' (Size = 30), @gameGuids519='?' (Size = 29), @gameGuids520='?' (Size = 31), @gameGuids521='?' (Size = 31), @gameGuids522='?' (Size = 28), @gameGuids523='?' (Size = 30), @gameGuids524='?' (Size = 29), @gameGuids525='?' (Size = 30), @gameGuids526='?' (Size = 29), @gameGuids527='?' (Size = 30), @gameGuids528='?' (Size = 28), @gameGuids529='?' (Size = 31), @gameGuids530='?' (Size = 31), @gameGuids531='?' (Size = 31), @gameGuids532='?' (Size = 26), @gameGuids533='?' (Size = 27), @gameGuids534='?' (Size = 31), @gameGuids535='?' (Size = 29), @gameGuids536='?' (Size = 30), @gameGuids537='?' (Size = 31), @gameGuids538='?' (Size = 26), @gameGuids539='?' (Size = 29), @gameGuids540='?' (Size = 29), @gameGuids541='?' (Size = 31), @gameGuids542='?' (Size = 31), @gameGuids543='?' (Size = 28), @gameGuids544='?' (Size = 29), @gameGuids545='?' (Size = 31), @gameGuids546='?' (Size = 31), @gameGuids547='?' (Size = 31), @gameGuids548='?' (Size = 30), @gameGuids549='?' (Size = 31), @gameGuids550='?' (Size = 31), @gameGuids551='?' (Size = 27), @gameGuids552='?' (Size = 30), @gameGuids553='?' (Size = 31), @gameGuids554='?' (Size = 29), @gameGuids555='?' (Size = 29), @gameGuids556='?' (Size = 31), @gameGuids557='?' (Size = 29), @gameGuids558='?' (Size = 30), @gameGuids559='?' (Size = 29), @gameGuids560='?' (Size = 28), @gameGuids561='?' (Size = 27), @gameGuids562='?' (Size = 31), @gameGuids563='?' (Size = 28), @gameGuids564='?' (Size = 28), @gameGuids565='?' (Size = 27), @gameGuids566='?' (Size = 30), @gameGuids567='?' (Size = 28), @gameGuids568='?' (Size = 31), @gameGuids569='?' (Size = 31), @gameGuids570='?' (Size = 31), @gameGuids571='?' (Size = 29), @gameGuids572='?' (Size = 31), @gameGuids573='?' (Size = 30), @gameGuids574='?' (Size = 27), @gameGuids575='?' (Size = 29), @gameGuids576='?' (Size = 27), @gameGuids577='?' (Size = 31), @gameGuids578='?' (Size = 31), @gameGuids579='?' (Size = 29), @gameGuids580='?' (Size = 30), @gameGuids581='?' (Size = 30), @gameGuids582='?' (Size = 29), @gameGuids583='?' (Size = 29), @gameGuids584='?' (Size = 29), @gameGuids585='?' (Size = 29), @gameGuids586='?' (Size = 30), @gameGuids587='?' (Size = 31), @gameGuids588='?' (Size = 28), @gameGuids589='?' (Size = 30), @gameGuids590='?' (Size = 28), @gameGuids591='?' (Size = 30), @gameGuids592='?' (Size = 30), @gameGuids593='?' (Size = 31), @gameGuids594='?' (Size = 31), @gameGuids595='?' (Size = 31), @gameGuids596='?' (Size = 29), @gameGuids597='?' (Size = 27), @gameGuids598='?' (Size = 31), @gameGuids599='?' (Size = 30), @gameGuids600='?' (Size = 28), @gameGuids601='?' (Size = 28), @gameGuids602='?' (Size = 28), @gameGuids603='?' (Size = 28), @gameGuids604='?' (Size = 30), @gameGuids605='?' (Size = 30), @gameGuids606='?' (Size = 31), @gameGuids607='?' (Size = 29), @gameGuids608='?' (Size = 28), @gameGuids609='?' (Size = 30), @gameGuids610='?' (Size = 30), @gameGuids611='?' (Size = 30), @gameGuids612='?' (Size = 31), @gameGuids613='?' (Size = 29), @gameGuids614='?' (Size = 30), @gameGuids615='?' (Size = 30), @gameGuids616='?' (Size = 31), @gameGuids617='?' (Size = 29), @gameGuids618='?' (Size = 29), @gameGuids619='?' (Size = 30), @gameGuids620='?' (Size = 29), @gameGuids621='?' (Size = 30), @gameGuids622='?' (Size = 29), @gameGuids623='?' (Size = 28), @gameGuids624='?' (Size = 30), @gameGuids625='?' (Size = 31), @gameGuids626='?' (Size = 29), @gameGuids627='?' (Size = 30), @gameGuids628='?' (Size = 27), @gameGuids629='?' (Size = 31), @gameGuids630='?' (Size = 29), @gameGuids631='?' (Size = 29), @gameGuids632='?' (Size = 31), @gameGuids633='?' (Size = 28), @gameGuids634='?' (Size = 30), @gameGuids635='?' (Size = 29), @gameGuids636='?' (Size = 28), @gameGuids637='?' (Size = 30), @gameGuids638='?' (Size = 31), @gameGuids639='?' (Size = 31), @gameGuids640='?' (Size = 28), @gameGuids641='?' (Size = 31), @gameGuids642='?' (Size = 31), @gameGuids643='?' (Size = 30), @gameGuids644='?' (Size = 31), @gameGuids645='?' (Size = 30), @gameGuids646='?' (Size = 30), @gameGuids647='?' (Size = 29), @gameGuids648='?' (Size = 30), @gameGuids649='?' (Size = 30), @gameGuids650='?' (Size = 30), @gameGuids651='?' (Size = 30), @gameGuids652='?' (Size = 31), @gameGuids653='?' (Size = 26), @gameGuids654='?' (Size = 31), @gameGuids655='?' (Size = 29), @gameGuids656='?' (Size = 29), @gameGuids657='?' (Size = 28), @gameGuids658='?' (Size = 27), @gameGuids659='?' (Size = 28), @gameGuids660='?' (Size = 31), @gameGuids661='?' (Size = 30), @gameGuids662='?' (Size = 30), @gameGuids663='?' (Size = 29), @gameGuids664='?' (Size = 31), @gameGuids665='?' (Size = 31), @gameGuids666='?' (Size = 30), @gameGuids667='?' (Size = 31), @gameGuids668='?' (Size = 30), @gameGuids669='?' (Size = 30), @gameGuids670='?' (Size = 30), @gameGuids671='?' (Size = 31), @gameGuids672='?' (Size = 30), @gameGuids673='?' (Size = 29), @gameGuids674='?' (Size = 29), @gameGuids675='?' (Size = 29), @gameGuids676='?' (Size = 29), @gameGuids677='?' (Size = 29), @gameGuids678='?' (Size = 25), @gameGuids679='?' (Size = 29), @gameGuids680='?' (Size = 30), @gameGuids681='?' (Size = 27), @gameGuids682='?' (Size = 30), @gameGuids683='?' (Size = 27), @gameGuids684='?' (Size = 28), @gameGuids685='?' (Size = 28), @gameGuids686='?' (Size = 28), @gameGuids687='?' (Size = 28), @gameGuids688='?' (Size = 28), @gameGuids689='?' (Size = 28), @gameGuids690='?' (Size = 28), @gameGuids691='?' (Size = 28), @gameGuids692='?' (Size = 28), @gameGuids693='?' (Size = 28), @gameGuids694='?' (Size = 28), @gameGuids695='?' (Size = 28), @gameGuids696='?' (Size = 28), @gameGuids697='?' (Size = 28), @gameGuids698='?' (Size = 28), @gameGuids699='?' (Size = 28), @gameGuids700='?' (Size = 28), @names1='?' (Size = 14), @names2='?' (Size = 3), @names3='?' (Size = 4), @names4='?' (Size = 16), @names5='?' (Size = 10), @names6='?' (Size = 3), @names7='?' (Size = 12), @names8='?' (Size = 16), @names9='?' (Size = 21), @names10='?' (Size = 10), @names11='?' (Size = 9), @names12='?' (Size = 9), @names13='?' (Size = 6), @names14='?' (Size = 9), @names15='?' (Size = 10), @names16='?' (Size = 6), @names17='?' (Size = 7), @names18='?' (Size = 4), @names19='?' (Size = 6), @names20='?' (Size = 10), @names21='?' (Size = 4), @names22='?' (Size = 5), @names23='?' (Size = 8), @names24='?' (Size = 4), @names25='?' (Size = 12), @names26='?' (Size = 12), @names27='?' (Size = 12), @names28='?' (Size = 12), @names29='?' (Size = 12), @names30='?' (Size = 12)], CommandType='Text', CommandTimeout='60']
SELECT ""p"".""PlayerName"", ""p"".""ServerGuid"", ""p"".""MapName"", COALESCE(SUM(""p"".""TotalRounds""), 0) AS ""Rounds"", COALESCE(SUM(""p"".""TotalPlayTimeMinutes""), 0.0) AS ""PlayMin""
FROM ""PlayerMapStats"" AS ""p""
WHERE ""p"".""ServerGuid"" <> '' AND (""p"".""Year"" > @startYear OR (""p"".""Year"" = @startYear AND ""p"".""Month"" >= @startMonth)) AND (""p"".""Year"" < @endYear OR (""p"".""Year"" = @endYear AND ""p"".""Month"" <= @endMonth)) AND ""p"".""ServerGuid"" IN (@gameGuids1, @gameGuids2, @gameGuids3, @gameGuids4, @gameGuids5, @gameGuids6, @gameGuids7, @gameGuids8, @gameGuids9, @gameGuids10, @gameGuids11, @gameGuids12, @gameGuids13, @gameGuids14, @gameGuids15, @gameGuids16, @gameGuids17, @gameGuids18, @gameGuids19, @gameGuids20, @gameGuids21, @gameGuids22, @gameGuids23, @gameGuids24, @gameGuids25, @gameGuids26, @gameGuids27, @gameGuids28, @gameGuids29, @gameGuids30, @gameGuids31, @gameGuids32, @gameGuids33, @gameGuids34, @gameGuids35, @gameGuids36, @gameGuids37, @gameGuids38, @gameGuids39, @gameGuids40, @gameGuids41, @gameGuids42, @gameGuids43, @gameGuids44, @gameGuids45, @gameGuids46, @gameGuids47, @gameGuids48, @gameGuids49, @gameGuids50, @gameGuids51, @gameGuids52, @gameGuids53, @gameGuids54, @gameGuids55, @gameGuids56, @gameGuids57, @gameGuids58, @gameGuids59, @gameGuids60, @gameGuids61, @gameGuids62, @gameGuids63, @gameGuids64, @gameGuids65, @gameGuids66, @gameGuids67, @gameGuids68, @gameGuids69, @gameGuids70, @gameGuids71, @gameGuids72, @gameGuids73, @gameGuids74, @gameGuids75, @gameGuids76, @gameGuids77, @gameGuids78, @gameGuids79, @gameGuids80, @gameGuids81, @gameGuids82, @gameGuids83, @gameGuids84, @gameGuids85, @gameGuids86, @gameGuids87, @gameGuids88, @gameGuids89, @gameGuids90, @gameGuids91, @gameGuids92, @gameGuids93, @gameGuids94, @gameGuids95, @gameGuids96, @gameGuids97, @gameGuids98, @gameGuids99, @gameGuids100, @gameGuids101, @gameGuids102, @gameGuids103, @gameGuids104, @gameGuids105, @gameGuids106, @gameGuids107, @gameGuids108, @gameGuids109, @gameGuids110, @gameGuids111, @gameGuids112, @gameGuids113, @gameGuids114, @gameGuids115, @gameGuids116, @gameGuids117, @gameGuids118, @gameGuids119, @gameGuids120, @gameGuids121, @gameGuids122, @gameGuids123, @gameGuids124, @gameGuids125, @gameGuids126, @gameGuids127, @gameGuids128, @gameGuids129, @gameGuids130, @gameGuids131, @gameGuids132, @gameGuids133, @gameGuids134, @gameGuids135, @gameGuids136, @gameGuids137, @gameGuids138, @gameGuids139, @gameGuids140, @gameGuids141, @gameGuids142, @gameGuids143, @gameGuids144, @gameGuids145, @gameGuids146, @gameGuids147, @gameGuids148, @gameGuids149, @gameGuids150, @gameGuids151, @gameGuids152, @gameGuids153, @gameGuids154, @gameGuids155, @gameGuids156, @gameGuids157, @gameGuids158, @gameGuids159, @gameGuids160, @gameGuids161, @gameGuids162, @gameGuids163, @gameGuids164, @gameGuids165, @gameGuids166, @gameGuids167, @gameGuids168, @gameGuids169, @gameGuids170, @gameGuids171, @gameGuids172, @gameGuids173, @gameGuids174, @gameGuids175, @gameGuids176, @gameGuids177, @gameGuids178, @gameGuids179, @gameGuids180, @gameGuids181, @gameGuids182, @gameGuids183, @gameGuids184, @gameGuids185, @gameGuids186, @gameGuids187, @gameGuids188, @gameGuids189, @gameGuids190, @gameGuids191, @gameGuids192, @gameGuids193, @gameGuids194, @gameGuids195, @gameGuids196, @gameGuids197, @gameGuids198, @gameGuids199, @gameGuids200, @gameGuids201, @gameGuids202, @gameGuids203, @gameGuids204, @gameGuids205, @gameGuids206, @gameGuids207, @gameGuids208, @gameGuids209, @gameGuids210, @gameGuids211, @gameGuids212, @gameGuids213, @gameGuids214, @gameGuids215, @gameGuids216, @gameGuids217, @gameGuids218, @gameGuids219, @gameGuids220, @gameGuids221, @gameGuids222, @gameGuids223, @gameGuids224, @gameGuids225, @gameGuids226, @gameGuids227, @gameGuids228, @gameGuids229, @gameGuids230, @gameGuids231, @gameGuids232, @gameGuids233, @gameGuids234, @gameGuids235, @gameGuids236, @gameGuids237, @gameGuids238, @gameGuids239, @gameGuids240, @gameGuids241, @gameGuids242, @gameGuids243, @gameGuids244, @gameGuids245, @gameGuids246, @gameGuids247, @gameGuids248, @gameGuids249, @gameGuids250, @gameGuids251, @gameGuids252, @gameGuids253, @gameGuids254, @gameGuids255, @gameGuids256, @gameGuids257, @gameGuids258, @gameGuids259, @gameGuids260, @gameGuids261, @gameGuids262, @gameGuids263, @gameGuids264, @gameGuids265, @gameGuids266, @gameGuids267, @gameGuids268, @gameGuids269, @gameGuids270, @gameGuids271, @gameGuids272, @gameGuids273, @gameGuids274, @gameGuids275, @gameGuids276, @gameGuids277, @gameGuids278, @gameGuids279, @gameGuids280, @gameGuids281, @gameGuids282, @gameGuids283, @gameGuids284, @gameGuids285, @gameGuids286, @gameGuids287, @gameGuids288, @gameGuids289, @gameGuids290, @gameGuids291, @gameGuids292, @gameGuids293, @gameGuids294, @gameGuids295, @gameGuids296, @gameGuids297, @gameGuids298, @gameGuids299, @gameGuids300, @gameGuids301, @gameGuids302, @gameGuids303, @gameGuids304, @gameGuids305, @gameGuids306, @gameGuids307, @gameGuids308, @gameGuids309, @gameGuids310, @gameGuids311, @gameGuids312, @gameGuids313, @gameGuids314, @gameGuids315, @gameGuids316, @gameGuids317, @gameGuids318, @gameGuids319, @gameGuids320, @gameGuids321, @gameGuids322, @gameGuids323, @gameGuids324, @gameGuids325, @gameGuids326, @gameGuids327, @gameGuids328, @gameGuids329, @gameGuids330, @gameGuids331, @gameGuids332, @gameGuids333, @gameGuids334, @gameGuids335, @gameGuids336, @gameGuids337, @gameGuids338, @gameGuids339, @gameGuids340, @gameGuids341, @gameGuids342, @gameGuids343, @gameGuids344, @gameGuids345, @gameGuids346, @gameGuids347, @gameGuids348, @gameGuids349, @gameGuids350, @gameGuids351, @gameGuids352, @gameGuids353, @gameGuids354, @gameGuids355, @gameGuids356, @gameGuids357, @gameGuids358, @gameGuids359, @gameGuids360, @gameGuids361, @gameGuids362, @gameGuids363, @gameGuids364, @gameGuids365, @gameGuids366, @gameGuids367, @gameGuids368, @gameGuids369, @gameGuids370, @gameGuids371, @gameGuids372, @gameGuids373, @gameGuids374, @gameGuids375, @gameGuids376, @gameGuids377, @gameGuids378, @gameGuids379, @gameGuids380, @gameGuids381, @gameGuids382, @gameGuids383, @gameGuids384, @gameGuids385, @gameGuids386, @gameGuids387, @gameGuids388, @gameGuids389, @gameGuids390, @gameGuids391, @gameGuids392, @gameGuids393, @gameGuids394, @gameGuids395, @gameGuids396, @gameGuids397, @gameGuids398, @gameGuids399, @gameGuids400, @gameGuids401, @gameGuids402, @gameGuids403, @gameGuids404, @gameGuids405, @gameGuids406, @gameGuids407, @gameGuids408, @gameGuids409, @gameGuids410, @gameGuids411, @gameGuids412, @gameGuids413, @gameGuids414, @gameGuids415, @gameGuids416, @gameGuids417, @gameGuids418, @gameGuids419, @gameGuids420, @gameGuids421, @gameGuids422, @gameGuids423, @gameGuids424, @gameGuids425, @gameGuids426, @gameGuids427, @gameGuids428, @gameGuids429, @gameGuids430, @gameGuids431, @gameGuids432, @gameGuids433, @gameGuids434, @gameGuids435, @gameGuids436, @gameGuids437, @gameGuids438, @gameGuids439, @gameGuids440, @gameGuids441, @gameGuids442, @gameGuids443, @gameGuids444, @gameGuids445, @gameGuids446, @gameGuids447, @gameGuids448, @gameGuids449, @gameGuids450, @gameGuids451, @gameGuids452, @gameGuids453, @gameGuids454, @gameGuids455, @gameGuids456, @gameGuids457, @gameGuids458, @gameGuids459, @gameGuids460, @gameGuids461, @gameGuids462, @gameGuids463, @gameGuids464, @gameGuids465, @gameGuids466, @gameGuids467, @gameGuids468, @gameGuids469, @gameGuids470, @gameGuids471, @gameGuids472, @gameGuids473, @gameGuids474, @gameGuids475, @gameGuids476, @gameGuids477, @gameGuids478, @gameGuids479, @gameGuids480, @gameGuids481, @gameGuids482, @gameGuids483, @gameGuids484, @gameGuids485, @gameGuids486, @gameGuids487, @gameGuids488, @gameGuids489, @gameGuids490, @gameGuids491, @gameGuids492, @gameGuids493, @gameGuids494, @gameGuids495, @gameGuids496, @gameGuids497, @gameGuids498, @gameGuids499, @gameGuids500, @gameGuids501, @gameGuids502, @gameGuids503, @gameGuids504, @gameGuids505, @gameGuids506, @gameGuids507, @gameGuids508, @gameGuids509, @gameGuids510, @gameGuids511, @gameGuids512, @gameGuids513, @gameGuids514, @gameGuids515, @gameGuids516, @gameGuids517, @gameGuids518, @gameGuids519, @gameGuids520, @gameGuids521, @gameGuids522, @gameGuids523, @gameGuids524, @gameGuids525, @gameGuids526, @gameGuids527, @gameGuids528, @gameGuids529, @gameGuids530, @gameGuids531, @gameGuids532, @gameGuids533, @gameGuids534, @gameGuids535, @gameGuids536, @gameGuids537, @gameGuids538, @gameGuids539, @gameGuids540, @gameGuids541, @gameGuids542, @gameGuids543, @gameGuids544, @gameGuids545, @gameGuids546, @gameGuids547, @gameGuids548, @gameGuids549, @gameGuids550, @gameGuids551, @gameGuids552, @gameGuids553, @gameGuids554, @gameGuids555, @gameGuids556, @gameGuids557, @gameGuids558, @gameGuids559, @gameGuids560, @gameGuids561, @gameGuids562, @gameGuids563, @gameGuids564, @gameGuids565, @gameGuids566, @gameGuids567, @gameGuids568, @gameGuids569, @gameGuids570, @gameGuids571, @gameGuids572, @gameGuids573, @gameGuids574, @gameGuids575, @gameGuids576, @gameGuids577, @gameGuids578, @gameGuids579, @gameGuids580, @gameGuids581, @gameGuids582, @gameGuids583, @gameGuids584, @gameGuids585, @gameGuids586, @gameGuids587, @gameGuids588, @gameGuids589, @gameGuids590, @gameGuids591, @gameGuids592, @gameGuids593, @gameGuids594, @gameGuids595, @gameGuids596, @gameGuids597, @gameGuids598, @gameGuids599, @gameGuids600, @gameGuids601, @gameGuids602, @gameGuids603, @gameGuids604, @gameGuids605, @gameGuids606, @gameGuids607, @gameGuids608, @gameGuids609, @gameGuids610, @gameGuids611, @gameGuids612, @gameGuids613, @gameGuids614, @gameGuids615, @gameGuids616, @gameGuids617, @gameGuids618, @gameGuids619, @gameGuids620, @gameGuids621, @gameGuids622, @gameGuids623, @gameGuids624, @gameGuids625, @gameGuids626, @gameGuids627, @gameGuids628, @gameGuids629, @gameGuids630, @gameGuids631, @gameGuids632, @gameGuids633, @gameGuids634, @gameGuids635, @gameGuids636, @gameGuids637, @gameGuids638, @gameGuids639, @gameGuids640, @gameGuids641, @gameGuids642, @gameGuids643, @gameGuids644, @gameGuids645, @gameGuids646, @gameGuids647, @gameGuids648, @gameGuids649, @gameGuids650, @gameGuids651, @gameGuids652, @gameGuids653, @gameGuids654, @gameGuids655, @gameGuids656, @gameGuids657, @gameGuids658, @gameGuids659, @gameGuids660, @gameGuids661, @gameGuids662, @gameGuids663, @gameGuids664, @gameGuids665, @gameGuids666, @gameGuids667, @gameGuids668, @gameGuids669, @gameGuids670, @gameGuids671, @gameGuids672, @gameGuids673, @gameGuids674, @gameGuids675, @gameGuids676, @gameGuids677, @gameGuids678, @gameGuids679, @gameGuids680, @gameGuids681, @gameGuids682, @gameGuids683, @gameGuids684, @gameGuids685, @gameGuids686, @gameGuids687, @gameGuids688, @gameGuids689, @gameGuids690, @gameGuids691, @gameGuids692, @gameGuids693, @gameGuids694, @gameGuids695, @gameGuids696, @gameGuids697, @gameGuids698, @gameGuids699, @gameGuids700) AND ""p"".""PlayerName"" IN (@names1, @names2, @names3, @names4, @names5, @names6, @names7, @names8, @names9, @names10, @names11, @names12, @names13, @names14, @names15, @names16, @names17, @names18, @names19, @names20, @names21, @names22, @names23, @names24, @names25, @names26, @names27, @names28, @names29, @names30)
GROUP BY ""p"".""PlayerName"", ""p"".""ServerGuid"", ""p"".""MapName""",""
"event-aa03e754f9f908de2900000000000000","0xad80e510","2026-08-14T11:46:22.7744596Z","OK","main",""
"event-aad57eb7f9f908de2d00000000000000","0xe9507561","2026-08-14T11:46:24.1480375Z","Information","Executed DbCommand (1,318ms) [Parameters=[@startYear='?' (DbType = Int32), @startMonth='?' (DbType = Int32), @endYear='?' (DbType = Int32), @endMonth='?' (DbType = Int32), @gameGuids1='?' (Size = 29), @gameGuids2='?' (Size = 29), @gameGuids3='?' (Size = 30), @gameGuids4='?' (Size = 30), @gameGuids5='?' (Size = 30), @gameGuids6='?' (Size = 30), @gameGuids7='?' (Size = 29), @gameGuids8='?' (Size = 29), @gameGuids9='?' (Size = 31), @gameGuids10='?' (Size = 29), @gameGuids11='?' (Size = 29), @gameGuids12='?' (Size = 31), @gameGuids13='?' (Size = 31), @gameGuids14='?' (Size = 29), @gameGuids15='?' (Size = 29), @gameGuids16='?' (Size = 29), @gameGuids17='?' (Size = 29), @gameGuids18='?' (Size = 31), @gameGuids19='?' (Size = 30), @gameGuids20='?' (Size = 30), @gameGuids21='?' (Size = 29), @gameGuids22='?' (Size = 30), @gameGuids23='?' (Size = 30), @gameGuids24='?' (Size = 29), @gameGuids25='?' (Size = 28), @gameGuids26='?' (Size = 28), @gameGuids27='?' (Size = 29), @gameGuids28='?' (Size = 29), @gameGuids29='?' (Size = 28), @gameGuids30='?' (Size = 30), @gameGuids31='?' (Size = 28), @gameGuids32='?' (Size = 31), @gameGuids33='?' (Size = 28), @gameGuids34='?' (Size = 30), @gameGuids35='?' (Size = 30), @gameGuids36='?' (Size = 28), @gameGuids37='?' (Size = 29), @gameGuids38='?' (Size = 30), @gameGuids39='?' (Size = 29), @gameGuids40='?' (Size = 31), @gameGuids41='?' (Size = 30), @gameGuids42='?' (Size = 29), @gameGuids43='?' (Size = 29), @gameGuids44='?' (Size = 30), @gameGuids45='?' (Size = 30), @gameGuids46='?' (Size = 28), @gameGuids47='?' (Size = 31), @gameGuids48='?' (Size = 30), @gameGuids49='?' (Size = 30), @gameGuids50='?' (Size = 29), @gameGuids51='?' (Size = 29), @gameGuids52='?' (Size = 28), @gameGuids53='?' (Size = 29), @gameGuids54='?' (Size = 29), @gameGuids55='?' (Size = 27), @gameGuids56='?' (Size = 30), @gameGuids57='?' (Size = 29), @gameGuids58='?' (Size = 27), @gameGuids59='?' (Size = 29), @gameGuids60='?' (Size = 30), @gameGuids61='?' (Size = 31), @gameGuids62='?' (Size = 29), @gameGuids63='?' (Size = 31), @gameGuids64='?' (Size = 29), @gameGuids65='?' (Size = 29), @gameGuids66='?' (Size = 30), @gameGuids67='?' (Size = 28), @gameGuids68='?' (Size = 29), @gameGuids69='?' (Size = 30), @gameGuids70='?' (Size = 31), @gameGuids71='?' (Size = 29), @gameGuids72='?' (Size = 29), @gameGuids73='?' (Size = 29), @gameGuids74='?' (Size = 29), @gameGuids75='?' (Size = 29), @gameGuids76='?' (Size = 29), @gameGuids77='?' (Size = 28), @gameGuids78='?' (Size = 30), @gameGuids79='?' (Size = 30), @gameGuids80='?' (Size = 29), @gameGuids81='?' (Size = 29), @gameGuids82='?' (Size = 29), @gameGuids83='?' (Size = 29), @gameGuids84='?' (Size = 30), @gameGuids85='?' (Size = 29), @gameGuids86='?' (Size = 29), @gameGuids87='?' (Size = 28), @gameGuids88='?' (Size = 28), @gameGuids89='?' (Size = 27), @gameGuids90='?' (Size = 28), @gameGuids91='?' (Size = 30), @gameGuids92='?' (Size = 29), @gameGuids93='?' (Size = 27), @gameGuids94='?' (Size = 29), @gameGuids95='?' (Size = 30), @gameGuids96='?' (Size = 30), @gameGuids97='?' (Size = 30), @gameGuids98='?' (Size = 29), @gameGuids99='?' (Size = 29), @gameGuids100='?' (Size = 31), @gameGuids101='?' (Size = 29), @gameGuids102='?' (Size = 29), @gameGuids103='?' (Size = 29), @gameGuids104='?' (Size = 29), @gameGuids105='?' (Size = 30), @gameGuids106='?' (Size = 29), @gameGuids107='?' (Size = 31), @gameGuids108='?' (Size = 29), @gameGuids109='?' (Size = 30), @gameGuids110='?' (Size = 29), @gameGuids111='?' (Size = 30), @gameGuids112='?' (Size = 29), @gameGuids113='?' (Size = 30), @gameGuids114='?' (Size = 28), @gameGuids115='?' (Size = 28), @gameGuids116='?' (Size = 31), @gameGuids117='?' (Size = 30), @gameGuids118='?' (Size = 30), @gameGuids119='?' (Size = 29), @gameGuids120='?' (Size = 31), @gameGuids121='?' (Size = 30), @gameGuids122='?' (Size = 29), @gameGuids123='?' (Size = 30), @gameGuids124='?' (Size = 28), @gameGuids125='?' (Size = 28), @gameGuids126='?' (Size = 28), @gameGuids127='?' (Size = 28), @gameGuids128='?' (Size = 28), @gameGuids129='?' (Size = 31), @gameGuids130='?' (Size = 30), @gameGuids131='?' (Size = 30), @gameGuids132='?' (Size = 31), @gameGuids133='?' (Size = 31), @gameGuids134='?' (Size = 29), @gameGuids135='?' (Size = 31), @gameGuids136='?' (Size = 31), @gameGuids137='?' (Size = 30), @gameGuids138='?' (Size = 30), @gameGuids139='?' (Size = 30), @gameGuids140='?' (Size = 31), @gameGuids141='?' (Size = 31), @gameGuids142='?' (Size = 31), @gameGuids143='?' (Size = 31), @gameGuids144='?' (Size = 31), @gameGuids145='?' (Size = 31), @gameGuids146='?' (Size = 31), @gameGuids147='?' (Size = 31), @gameGuids148='?' (Size = 30), @gameGuids149='?' (Size = 30), @gameGuids150='?' (Size = 31), @gameGuids151='?' (Size = 30), @gameGuids152='?' (Size = 30), @gameGuids153='?' (Size = 31), @gameGuids154='?' (Size = 31), @gameGuids155='?' (Size = 29), @gameGuids156='?' (Size = 31), @gameGuids157='?' (Size = 31), @gameGuids158='?' (Size = 31), @gameGuids159='?' (Size = 31), @gameGuids160='?' (Size = 29), @gameGuids161='?' (Size = 31), @gameGuids162='?' (Size = 31), @gameGuids163='?' (Size = 31), @gameGuids164='?' (Size = 31), @gameGuids165='?' (Size = 31), @gameGuids166='?' (Size = 31), @gameGuids167='?' (Size = 31), @gameGuids168='?' (Size = 29), @gameGuids169='?' (Size = 29), @gameGuids170='?' (Size = 30), @gameGuids171='?' (Size = 30), @gameGuids172='?' (Size = 30), @gameGuids173='?' (Size = 30), @gameGuids174='?' (Size = 30), @gameGuids175='?' (Size = 30), @gameGuids176='?' (Size = 28), @gameGuids177='?' (Size = 31), @gameGuids178='?' (Size = 31), @gameGuids179='?' (Size = 31), @gameGuids180='?' (Size = 31), @gameGuids181='?' (Size = 29), @gameGuids182='?' (Size = 29), @gameGuids183='?' (Size = 29), @gameGuids184='?' (Size = 31), @gameGuids185='?' (Size = 31), @gameGuids186='?' (Size = 31), @gameGuids187='?' (Size = 31), @gameGuids188='?' (Size = 31), @gameGuids189='?' (Size = 31), @gameGuids190='?' (Size = 30), @gameGuids191='?' (Size = 30), @gameGuids192='?' (Size = 30), @gameGuids193='?' (Size = 30), @gameGuids194='?' (Size = 31), @gameGuids195='?' (Size = 28), @gameGuids196='?' (Size = 28), @gameGuids197='?' (Size = 28), @gameGuids198='?' (Size = 30), @gameGuids199='?' (Size = 30), @gameGuids200='?' (Size = 30), @gameGuids201='?' (Size = 30), @gameGuids202='?' (Size = 28), @gameGuids203='?' (Size = 30), @gameGuids204='?' (Size = 30), @gameGuids205='?' (Size = 31), @gameGuids206='?' (Size = 31), @gameGuids207='?' (Size = 31), @gameGuids208='?' (Size = 31), @gameGuids209='?' (Size = 30), @gameGuids210='?' (Size = 30), @gameGuids211='?' (Size = 30), @gameGuids212='?' (Size = 30), @gameGuids213='?' (Size = 30), @gameGuids214='?' (Size = 28), @gameGuids215='?' (Size = 30), @gameGuids216='?' (Size = 30), @gameGuids217='?' (Size = 30), @gameGuids218='?' (Size = 30), @gameGuids219='?' (Size = 31), @gameGuids220='?' (Size = 31), @gameGuids221='?' (Size = 30), @gameGuids222='?' (Size = 30), @gameGuids223='?' (Size = 31), @gameGuids224='?' (Size = 31), @gameGuids225='?' (Size = 29), @gameGuids226='?' (Size = 31), @gameGuids227='?' (Size = 31), @gameGuids228='?' (Size = 31), @gameGuids229='?' (Size = 31), @gameGuids230='?' (Size = 31), @gameGuids231='?' (Size = 30), @gameGuids232='?' (Size = 29), @gameGuids233='?' (Size = 29), @gameGuids234='?' (Size = 29), @gameGuids235='?' (Size = 29), @gameGuids236='?' (Size = 29), @gameGuids237='?' (Size = 31), @gameGuids238='?' (Size = 31), @gameGuids239='?' (Size = 31), @gameGuids240='?' (Size = 31), @gameGuids241='?' (Size = 31), @gameGuids242='?' (Size = 31), @gameGuids243='?' (Size = 28), @gameGuids244='?' (Size = 30), @gameGuids245='?' (Size = 30), @gameGuids246='?' (Size = 31), @gameGuids247='?' (Size = 31), @gameGuids248='?' (Size = 31), @gameGuids249='?' (Size = 31), @gameGuids250='?' (Size = 31), @gameGuids251='?' (Size = 31), @gameGuids252='?' (Size = 31), @gameGuids253='?' (Size = 31), @gameGuids254='?' (Size = 27), @gameGuids255='?' (Size = 27), @gameGuids256='?' (Size = 27), @gameGuids257='?' (Size = 30), @gameGuids258='?' (Size = 30), @gameGuids259='?' (Size = 31), @gameGuids260='?' (Size = 31), @gameGuids261='?' (Size = 31), @gameGuids262='?' (Size = 31), @gameGuids263='?' (Size = 28), @gameGuids264='?' (Size = 31), @gameGuids265='?' (Size = 31), @gameGuids266='?' (Size = 30), @gameGuids267='?' (Size = 30), @gameGuids268='?' (Size = 29), @gameGuids269='?' (Size = 29), @gameGuids270='?' (Size = 30), @gameGuids271='?' (Size = 31), @gameGuids272='?' (Size = 31), @gameGuids273='?' (Size = 31), @gameGuids274='?' (Size = 31), @gameGuids275='?' (Size = 31), @gameGuids276='?' (Size = 31), @gameGuids277='?' (Size = 30), @gameGuids278='?' (Size = 30), @gameGuids279='?' (Size = 31), @gameGuids280='?' (Size = 31), @gameGuids281='?' (Size = 31), @gameGuids282='?' (Size = 31), @gameGuids283='?' (Size = 29), @gameGuids284='?' (Size = 29), @gameGuids285='?' (Size = 29), @gameGuids286='?' (Size = 30), @gameGuids287='?' (Size = 31), @gameGuids288='?' (Size = 31), @gameGuids289='?' (Size = 29), @gameGuids290='?' (Size = 29), @gameGuids291='?' (Size = 30), @gameGuids292='?' (Size = 30), @gameGuids293='?' (Size = 31), @gameGuids294='?' (Size = 31), @gameGuids295='?' (Size = 31), @gameGuids296='?' (Size = 31), @gameGuids297='?' (Size = 29), @gameGuids298='?' (Size = 29), @gameGuids299='?' (Size = 31), @gameGuids300='?' (Size = 31), @gameGuids301='?' (Size = 31), @gameGuids302='?' (Size = 31), @gameGuids303='?' (Size = 31), @gameGuids304='?' (Size = 26), @gameGuids305='?' (Size = 30), @gameGuids306='?' (Size = 31), @gameGuids307='?' (Size = 31), @gameGuids308='?' (Size = 31), @gameGuids309='?' (Size = 31), @gameGuids310='?' (Size = 31), @gameGuids311='?' (Size = 31), @gameGuids312='?' (Size = 30), @gameGuids313='?' (Size = 30), @gameGuids314='?' (Size = 31), @gameGuids315='?' (Size = 31), @gameGuids316='?' (Size = 31), @gameGuids317='?' (Size = 31), @gameGuids318='?' (Size = 30), @gameGuids319='?' (Size = 31), @gameGuids320='?' (Size = 31), @gameGuids321='?' (Size = 29), @gameGuids322='?' (Size = 29), @gameGuids323='?' (Size = 30), @gameGuids324='?' (Size = 30), @gameGuids325='?' (Size = 30), @gameGuids326='?' (Size = 30), @gameGuids327='?' (Size = 30), @gameGuids328='?' (Size = 30), @gameGuids329='?' (Size = 31), @gameGuids330='?' (Size = 31), @gameGuids331='?' (Size = 29), @gameGuids332='?' (Size = 31), @gameGuids333='?' (Size = 31), @gameGuids334='?' (Size = 31), @gameGuids335='?' (Size = 31), @gameGuids336='?' (Size = 31), @gameGuids337='?' (Size = 25), @gameGuids338='?' (Size = 28), @gameGuids339='?' (Size = 28), @gameGuids340='?' (Size = 26), @gameGuids341='?' (Size = 28), @gameGuids342='?' (Size = 30), @gameGuids343='?' (Size = 31), @gameGuids344='?' (Size = 31), @gameGuids345='?' (Size = 31), @gameGuids346='?' (Size = 30), @gameGuids347='?' (Size = 30), @gameGuids348='?' (Size = 29), @gameGuids349='?' (Size = 27), @gameGuids350='?' (Size = 27), @gameGuids351='?' (Size = 27), @gameGuids352='?' (Size = 29), @gameGuids353='?' (Size = 29), @gameGuids354='?' (Size = 28), @gameGuids355='?' (Size = 28), @gameGuids356='?' (Size = 28), @gameGuids357='?' (Size = 29), @gameGuids358='?' (Size = 29), @gameGuids359='?' (Size = 29), @gameGuids360='?' (Size = 31), @gameGuids361='?' (Size = 31), @gameGuids362='?' (Size = 31), @gameGuids363='?' (Size = 31), @gameGuids364='?' (Size = 31), @gameGuids365='?' (Size = 31), @gameGuids366='?' (Size = 30), @gameGuids367='?' (Size = 31), @gameGuids368='?' (Size = 31), @gameGuids369='?' (Size = 31), @gameGuids370='?' (Size = 31), @gameGuids371='?' (Size = 31), @gameGuids372='?' (Size = 31), @gameGuids373='?' (Size = 31), @gameGuids374='?' (Size = 31), @gameGuids375='?' (Size = 31), @gameGuids376='?' (Size = 31), @gameGuids377='?' (Size = 31), @gameGuids378='?' (Size = 31), @gameGuids379='?' (Size = 31), @gameGuids380='?' (Size = 31), @gameGuids381='?' (Size = 31), @gameGuids382='?' (Size = 31), @gameGuids383='?' (Size = 30), @gameGuids384='?' (Size = 28), @gameGuids385='?' (Size = 31), @gameGuids386='?' (Size = 31), @gameGuids387='?' (Size = 31), @gameGuids388='?' (Size = 31), @gameGuids389='?' (Size = 31), @gameGuids390='?' (Size = 30), @gameGuids391='?' (Size = 30), @gameGuids392='?' (Size = 29), @gameGuids393='?' (Size = 29), @gameGuids394='?' (Size = 28), @gameGuids395='?' (Size = 28), @gameGuids396='?' (Size = 28), @gameGuids397='?' (Size = 28), @gameGuids398='?' (Size = 28), @gameGuids399='?' (Size = 28), @gameGuids400='?' (Size = 31), @gameGuids401='?' (Size = 31), @gameGuids402='?' (Size = 28), @gameGuids403='?' (Size = 28), @gameGuids404='?' (Size = 28), @gameGuids405='?' (Size = 28), @gameGuids406='?' (Size = 28), @gameGuids407='?' (Size = 28), @gameGuids408='?' (Size = 30), @gameGuids409='?' (Size = 30), @gameGuids410='?' (Size = 31), @gameGuids411='?' (Size = 31), @gameGuids412='?' (Size = 31), @gameGuids413='?' (Size = 31), @gameGuids414='?' (Size = 29), @gameGuids415='?' (Size = 29), @gameGuids416='?' (Size = 31), @gameGuids417='?' (Size = 31), @gameGuids418='?' (Size = 29), @gameGuids419='?' (Size = 31), @gameGuids420='?' (Size = 31), @gameGuids421='?' (Size = 31), @gameGuids422='?' (Size = 31), @gameGuids423='?' (Size = 30), @gameGuids424='?' (Size = 30), @gameGuids425='?' (Size = 31), @gameGuids426='?' (Size = 31), @gameGuids427='?' (Size = 31), @gameGuids428='?' (Size = 31), @gameGuids429='?' (Size = 31), @gameGuids430='?' (Size = 29), @gameGuids431='?' (Size = 29), @gameGuids432='?' (Size = 28), @gameGuids433='?' (Size = 29), @gameGuids434='?' (Size = 31), @gameGuids435='?' (Size = 31), @gameGuids436='?' (Size = 29), @gameGuids437='?' (Size = 31), @gameGuids438='?' (Size = 31), @gameGuids439='?' (Size = 30), @gameGuids440='?' (Size = 30), @gameGuids441='?' (Size = 27), @gameGuids442='?' (Size = 30), @gameGuids443='?' (Size = 30), @gameGuids444='?' (Size = 31), @gameGuids445='?' (Size = 30), @gameGuids446='?' (Size = 30), @gameGuids447='?' (Size = 30), @gameGuids448='?' (Size = 28), @gameGuids449='?' (Size = 30), @gameGuids450='?' (Size = 31), @gameGuids451='?' (Size = 31), @gameGuids452='?' (Size = 31), @gameGuids453='?' (Size = 29), @gameGuids454='?' (Size = 29), @gameGuids455='?' (Size = 29), @gameGuids456='?' (Size = 28), @gameGuids457='?' (Size = 28), @gameGuids458='?' (Size = 28), @gameGuids459='?' (Size = 28), @gameGuids460='?' (Size = 31), @gameGuids461='?' (Size = 31), @gameGuids462='?' (Size = 29), @gameGuids463='?' (Size = 31), @gameGuids464='?' (Size = 29), @gameGuids465='?' (Size = 28), @gameGuids466='?' (Size = 30), @gameGuids467='?' (Size = 28), @gameGuids468='?' (Size = 30), @gameGuids469='?' (Size = 31), @gameGuids470='?' (Size = 30), @gameGuids471='?' (Size = 30), @gameGuids472='?' (Size = 27), @gameGuids473='?' (Size = 30), @gameGuids474='?' (Size = 31), @gameGuids475='?' (Size = 31), @gameGuids476='?' (Size = 30), @gameGuids477='?' (Size = 30), @gameGuids478='?' (Size = 31), @gameGuids479='?' (Size = 29), @gameGuids480='?' (Size = 30), @gameGuids481='?' (Size = 31), @gameGuids482='?' (Size = 29), @gameGuids483='?' (Size = 29), @gameGuids484='?' (Size = 30), @gameGuids485='?' (Size = 30), @gameGuids486='?' (Size = 30), @gameGuids487='?' (Size = 30), @gameGuids488='?' (Size = 30), @gameGuids489='?' (Size = 30), @gameGuids490='?' (Size = 31), @gameGuids491='?' (Size = 30), @gameGuids492='?' (Size = 30), @gameGuids493='?' (Size = 31), @gameGuids494='?' (Size = 30), @gameGuids495='?' (Size = 28), @gameGuids496='?' (Size = 29), @gameGuids497='?' (Size = 29), @gameGuids498='?' (Size = 29), @gameGuids499='?' (Size = 27), @gameGuids500='?' (Size = 27), @gameGuids501='?' (Size = 27), @gameGuids502='?' (Size = 27), @gameGuids503='?' (Size = 27), @gameGuids504='?' (Size = 29), @gameGuids505='?' (Size = 31), @gameGuids506='?' (Size = 29), @gameGuids507='?' (Size = 31), @gameGuids508='?' (Size = 31), @gameGuids509='?' (Size = 28), @gameGuids510='?' (Size = 29), @gameGuids511='?' (Size = 29), @gameGuids512='?' (Size = 29), @gameGuids513='?' (Size = 29), @gameGuids514='?' (Size = 26), @gameGuids515='?' (Size = 29), @gameGuids516='?' (Size = 29), @gameGuids517='?' (Size = 29), @gameGuids518='?' (Size = 30), @gameGuids519='?' (Size = 29), @gameGuids520='?' (Size = 31), @gameGuids521='?' (Size = 31), @gameGuids522='?' (Size = 28), @gameGuids523='?' (Size = 30), @gameGuids524='?' (Size = 29), @gameGuids525='?' (Size = 30), @gameGuids526='?' (Size = 29), @gameGuids527='?' (Size = 30), @gameGuids528='?' (Size = 28), @gameGuids529='?' (Size = 31), @gameGuids530='?' (Size = 31), @gameGuids531='?' (Size = 31), @gameGuids532='?' (Size = 26), @gameGuids533='?' (Size = 27), @gameGuids534='?' (Size = 31), @gameGuids535='?' (Size = 29), @gameGuids536='?' (Size = 30), @gameGuids537='?' (Size = 31), @gameGuids538='?' (Size = 26), @gameGuids539='?' (Size = 29), @gameGuids540='?' (Size = 29), @gameGuids541='?' (Size = 31), @gameGuids542='?' (Size = 31), @gameGuids543='?' (Size = 28), @gameGuids544='?' (Size = 29), @gameGuids545='?' (Size = 31), @gameGuids546='?' (Size = 31), @gameGuids547='?' (Size = 31), @gameGuids548='?' (Size = 30), @gameGuids549='?' (Size = 31), @gameGuids550='?' (Size = 31), @gameGuids551='?' (Size = 27), @gameGuids552='?' (Size = 30), @gameGuids553='?' (Size = 31), @gameGuids554='?' (Size = 29), @gameGuids555='?' (Size = 29), @gameGuids556='?' (Size = 31), @gameGuids557='?' (Size = 29), @gameGuids558='?' (Size = 30), @gameGuids559='?' (Size = 29), @gameGuids560='?' (Size = 28), @gameGuids561='?' (Size = 27), @gameGuids562='?' (Size = 31), @gameGuids563='?' (Size = 28), @gameGuids564='?' (Size = 28), @gameGuids565='?' (Size = 27), @gameGuids566='?' (Size = 30), @gameGuids567='?' (Size = 28), @gameGuids568='?' (Size = 31), @gameGuids569='?' (Size = 31), @gameGuids570='?' (Size = 31), @gameGuids571='?' (Size = 29), @gameGuids572='?' (Size = 31), @gameGuids573='?' (Size = 30), @gameGuids574='?' (Size = 27), @gameGuids575='?' (Size = 29), @gameGuids576='?' (Size = 27), @gameGuids577='?' (Size = 31), @gameGuids578='?' (Size = 31), @gameGuids579='?' (Size = 29), @gameGuids580='?' (Size = 30), @gameGuids581='?' (Size = 30), @gameGuids582='?' (Size = 29), @gameGuids583='?' (Size = 29), @gameGuids584='?' (Size = 29), @gameGuids585='?' (Size = 29), @gameGuids586='?' (Size = 30), @gameGuids587='?' (Size = 31), @gameGuids588='?' (Size = 28), @gameGuids589='?' (Size = 30), @gameGuids590='?' (Size = 28), @gameGuids591='?' (Size = 30), @gameGuids592='?' (Size = 30), @gameGuids593='?' (Size = 31), @gameGuids594='?' (Size = 31), @gameGuids595='?' (Size = 31), @gameGuids596='?' (Size = 29), @gameGuids597='?' (Size = 27), @gameGuids598='?' (Size = 31), @gameGuids599='?' (Size = 30), @gameGuids600='?' (Size = 28), @gameGuids601='?' (Size = 28), @gameGuids602='?' (Size = 28), @gameGuids603='?' (Size = 28), @gameGuids604='?' (Size = 30), @gameGuids605='?' (Size = 30), @gameGuids606='?' (Size = 31), @gameGuids607='?' (Size = 29), @gameGuids608='?' (Size = 28), @gameGuids609='?' (Size = 30), @gameGuids610='?' (Size = 30), @gameGuids611='?' (Size = 30), @gameGuids612='?' (Size = 31), @gameGuids613='?' (Size = 29), @gameGuids614='?' (Size = 30), @gameGuids615='?' (Size = 30), @gameGuids616='?' (Size = 31), @gameGuids617='?' (Size = 29), @gameGuids618='?' (Size = 29), @gameGuids619='?' (Size = 30), @gameGuids620='?' (Size = 29), @gameGuids621='?' (Size = 30), @gameGuids622='?' (Size = 29), @gameGuids623='?' (Size = 28), @gameGuids624='?' (Size = 30), @gameGuids625='?' (Size = 31), @gameGuids626='?' (Size = 29), @gameGuids627='?' (Size = 30), @gameGuids628='?' (Size = 27), @gameGuids629='?' (Size = 31), @gameGuids630='?' (Size = 29), @gameGuids631='?' (Size = 29), @gameGuids632='?' (Size = 31), @gameGuids633='?' (Size = 28), @gameGuids634='?' (Size = 30), @gameGuids635='?' (Size = 29), @gameGuids636='?' (Size = 28), @gameGuids637='?' (Size = 30), @gameGuids638='?' (Size = 31), @gameGuids639='?' (Size = 31), @gameGuids640='?' (Size = 28), @gameGuids641='?' (Size = 31), @gameGuids642='?' (Size = 31), @gameGuids643='?' (Size = 30), @gameGuids644='?' (Size = 31), @gameGuids645='?' (Size = 30), @gameGuids646='?' (Size = 30), @gameGuids647='?' (Size = 29), @gameGuids648='?' (Size = 30), @gameGuids649='?' (Size = 30), @gameGuids650='?' (Size = 30), @gameGuids651='?' (Size = 30), @gameGuids652='?' (Size = 31), @gameGuids653='?' (Size = 26), @gameGuids654='?' (Size = 31), @gameGuids655='?' (Size = 29), @gameGuids656='?' (Size = 29), @gameGuids657='?' (Size = 28), @gameGuids658='?' (Size = 27), @gameGuids659='?' (Size = 28), @gameGuids660='?' (Size = 31), @gameGuids661='?' (Size = 30), @gameGuids662='?' (Size = 30), @gameGuids663='?' (Size = 29), @gameGuids664='?' (Size = 31), @gameGuids665='?' (Size = 31), @gameGuids666='?' (Size = 30), @gameGuids667='?' (Size = 31), @gameGuids668='?' (Size = 30), @gameGuids669='?' (Size = 30), @gameGuids670='?' (Size = 30), @gameGuids671='?' (Size = 31), @gameGuids672='?' (Size = 30), @gameGuids673='?' (Size = 29), @gameGuids674='?' (Size = 29), @gameGuids675='?' (Size = 29), @gameGuids676='?' (Size = 29), @gameGuids677='?' (Size = 29), @gameGuids678='?' (Size = 25), @gameGuids679='?' (Size = 29), @gameGuids680='?' (Size = 30), @gameGuids681='?' (Size = 27), @gameGuids682='?' (Size = 30), @gameGuids683='?' (Size = 27), @gameGuids684='?' (Size = 28), @gameGuids685='?' (Size = 28), @gameGuids686='?' (Size = 28), @gameGuids687='?' (Size = 28), @gameGuids688='?' (Size = 28), @gameGuids689='?' (Size = 28), @gameGuids690='?' (Size = 28), @gameGuids691='?' (Size = 28), @gameGuids692='?' (Size = 28), @gameGuids693='?' (Size = 28), @gameGuids694='?' (Size = 28), @gameGuids695='?' (Size = 28), @gameGuids696='?' (Size = 28), @gameGuids697='?' (Size = 28), @gameGuids698='?' (Size = 28), @gameGuids699='?' (Size = 28), @gameGuids700='?' (Size = 28)], CommandType='Text', CommandTimeout='60']
SELECT ""p"".""MapName"" AS ""Name"", COUNT(*) AS ""PlayerCount""
FROM ""PlayerMapStats"" AS ""p""
WHERE ""p"".""ServerGuid"" <> '' AND (""p"".""Year"" > @startYear OR (""p"".""Year"" = @startYear AND ""p"".""Month"" >= @startMonth)) AND (""p"".""Year"" < @endYear OR (""p"".""Year"" = @endYear AND ""p"".""Month"" <= @endMonth)) AND ""p"".""ServerGuid"" IN (@gameGuids1, @gameGuids2, @gameGuids3, @gameGuids4, @gameGuids5, @gameGuids6, @gameGuids7, @gameGuids8, @gameGuids9, @gameGuids10, @gameGuids11, @gameGuids12, @gameGuids13, @gameGuids14, @gameGuids15, @gameGuids16, @gameGuids17, @gameGuids18, @gameGuids19, @gameGuids20, @gameGuids21, @gameGuids22, @gameGuids23, @gameGuids24, @gameGuids25, @gameGuids26, @gameGuids27, @gameGuids28, @gameGuids29, @gameGuids30, @gameGuids31, @gameGuids32, @gameGuids33, @gameGuids34, @gameGuids35, @gameGuids36, @gameGuids37, @gameGuids38, @gameGuids39, @gameGuids40, @gameGuids41, @gameGuids42, @gameGuids43, @gameGuids44, @gameGuids45, @gameGuids46, @gameGuids47, @gameGuids48, @gameGuids49, @gameGuids50, @gameGuids51, @gameGuids52, @gameGuids53, @gameGuids54, @gameGuids55, @gameGuids56, @gameGuids57, @gameGuids58, @gameGuids59, @gameGuids60, @gameGuids61, @gameGuids62, @gameGuids63, @gameGuids64, @gameGuids65, @gameGuids66, @gameGuids67, @gameGuids68, @gameGuids69, @gameGuids70, @gameGuids71, @gameGuids72, @gameGuids73, @gameGuids74, @gameGuids75, @gameGuids76, @gameGuids77, @gameGuids78, @gameGuids79, @gameGuids80, @gameGuids81, @gameGuids82, @gameGuids83, @gameGuids84, @gameGuids85, @gameGuids86, @gameGuids87, @gameGuids88, @gameGuids89, @gameGuids90, @gameGuids91, @gameGuids92, @gameGuids93, @gameGuids94, @gameGuids95, @gameGuids96, @gameGuids97, @gameGuids98, @gameGuids99, @gameGuids100, @gameGuids101, @gameGuids102, @gameGuids103, @gameGuids104, @gameGuids105, @gameGuids106, @gameGuids107, @gameGuids108, @gameGuids109, @gameGuids110, @gameGuids111, @gameGuids112, @gameGuids113, @gameGuids114, @gameGuids115, @gameGuids116, @gameGuids117, @gameGuids118, @gameGuids119, @gameGuids120, @gameGuids121, @gameGuids122, @gameGuids123, @gameGuids124, @gameGuids125, @gameGuids126, @gameGuids127, @gameGuids128, @gameGuids129, @gameGuids130, @gameGuids131, @gameGuids132, @gameGuids133, @gameGuids134, @gameGuids135, @gameGuids136, @gameGuids137, @gameGuids138, @gameGuids139, @gameGuids140, @gameGuids141, @gameGuids142, @gameGuids143, @gameGuids144, @gameGuids145, @gameGuids146, @gameGuids147, @gameGuids148, @gameGuids149, @gameGuids150, @gameGuids151, @gameGuids152, @gameGuids153, @gameGuids154, @gameGuids155, @gameGuids156, @gameGuids157, @gameGuids158, @gameGuids159, @gameGuids160, @gameGuids161, @gameGuids162, @gameGuids163, @gameGuids164, @gameGuids165, @gameGuids166, @gameGuids167, @gameGuids168, @gameGuids169, @gameGuids170, @gameGuids171, @gameGuids172, @gameGuids173, @gameGuids174, @gameGuids175, @gameGuids176, @gameGuids177, @gameGuids178, @gameGuids179, @gameGuids180, @gameGuids181, @gameGuids182, @gameGuids183, @gameGuids184, @gameGuids185, @gameGuids186, @gameGuids187, @gameGuids188, @gameGuids189, @gameGuids190, @gameGuids191, @gameGuids192, @gameGuids193, @gameGuids194, @gameGuids195, @gameGuids196, @gameGuids197, @gameGuids198, @gameGuids199, @gameGuids200, @gameGuids201, @gameGuids202, @gameGuids203, @gameGuids204, @gameGuids205, @gameGuids206, @gameGuids207, @gameGuids208, @gameGuids209, @gameGuids210, @gameGuids211, @gameGuids212, @gameGuids213, @gameGuids214, @gameGuids215, @gameGuids216, @gameGuids217, @gameGuids218, @gameGuids219, @gameGuids220, @gameGuids221, @gameGuids222, @gameGuids223, @gameGuids224, @gameGuids225, @gameGuids226, @gameGuids227, @gameGuids228, @gameGuids229, @gameGuids230, @gameGuids231, @gameGuids232, @gameGuids233, @gameGuids234, @gameGuids235, @gameGuids236, @gameGuids237, @gameGuids238, @gameGuids239, @gameGuids240, @gameGuids241, @gameGuids242, @gameGuids243, @gameGuids244, @gameGuids245, @gameGuids246, @gameGuids247, @gameGuids248, @gameGuids249, @gameGuids250, @gameGuids251, @gameGuids252, @gameGuids253, @gameGuids254, @gameGuids255, @gameGuids256, @gameGuids257, @gameGuids258, @gameGuids259, @gameGuids260, @gameGuids261, @gameGuids262, @gameGuids263, @gameGuids264, @gameGuids265, @gameGuids266, @gameGuids267, @gameGuids268, @gameGuids269, @gameGuids270, @gameGuids271, @gameGuids272, @gameGuids273, @gameGuids274, @gameGuids275, @gameGuids276, @gameGuids277, @gameGuids278, @gameGuids279, @gameGuids280, @gameGuids281, @gameGuids282, @gameGuids283, @gameGuids284, @gameGuids285, @gameGuids286, @gameGuids287, @gameGuids288, @gameGuids289, @gameGuids290, @gameGuids291, @gameGuids292, @gameGuids293, @gameGuids294, @gameGuids295, @gameGuids296, @gameGuids297, @gameGuids298, @gameGuids299, @gameGuids300, @gameGuids301, @gameGuids302, @gameGuids303, @gameGuids304, @gameGuids305, @gameGuids306, @gameGuids307, @gameGuids308, @gameGuids309, @gameGuids310, @gameGuids311, @gameGuids312, @gameGuids313, @gameGuids314, @gameGuids315, @gameGuids316, @gameGuids317, @gameGuids318, @gameGuids319, @gameGuids320, @gameGuids321, @gameGuids322, @gameGuids323, @gameGuids324, @gameGuids325, @gameGuids326, @gameGuids327, @gameGuids328, @gameGuids329, @gameGuids330, @gameGuids331, @gameGuids332, @gameGuids333, @gameGuids334, @gameGuids335, @gameGuids336, @gameGuids337, @gameGuids338, @gameGuids339, @gameGuids340, @gameGuids341, @gameGuids342, @gameGuids343, @gameGuids344, @gameGuids345, @gameGuids346, @gameGuids347, @gameGuids348, @gameGuids349, @gameGuids350, @gameGuids351, @gameGuids352, @gameGuids353, @gameGuids354, @gameGuids355, @gameGuids356, @gameGuids357, @gameGuids358, @gameGuids359, @gameGuids360, @gameGuids361, @gameGuids362, @gameGuids363, @gameGuids364, @gameGuids365, @gameGuids366, @gameGuids367, @gameGuids368, @gameGuids369, @gameGuids370, @gameGuids371, @gameGuids372, @gameGuids373, @gameGuids374, @gameGuids375, @gameGuids376, @gameGuids377, @gameGuids378, @gameGuids379, @gameGuids380, @gameGuids381, @gameGuids382, @gameGuids383, @gameGuids384, @gameGuids385, @gameGuids386, @gameGuids387, @gameGuids388, @gameGuids389, @gameGuids390, @gameGuids391, @gameGuids392, @gameGuids393, @gameGuids394, @gameGuids395, @gameGuids396, @gameGuids397, @gameGuids398, @gameGuids399, @gameGuids400, @gameGuids401, @gameGuids402, @gameGuids403, @gameGuids404, @gameGuids405, @gameGuids406, @gameGuids407, @gameGuids408, @gameGuids409, @gameGuids410, @gameGuids411, @gameGuids412, @gameGuids413, @gameGuids414, @gameGuids415, @gameGuids416, @gameGuids417, @gameGuids418, @gameGuids419, @gameGuids420, @gameGuids421, @gameGuids422, @gameGuids423, @gameGuids424, @gameGuids425, @gameGuids426, @gameGuids427, @gameGuids428, @gameGuids429, @gameGuids430, @gameGuids431, @gameGuids432, @gameGuids433, @gameGuids434, @gameGuids435, @gameGuids436, @gameGuids437, @gameGuids438, @gameGuids439, @gameGuids440, @gameGuids441, @gameGuids442, @gameGuids443, @gameGuids444, @gameGuids445, @gameGuids446, @gameGuids447, @gameGuids448, @gameGuids449, @gameGuids450, @gameGuids451, @gameGuids452, @gameGuids453, @gameGuids454, @gameGuids455, @gameGuids456, @gameGuids457, @gameGuids458, @gameGuids459, @gameGuids460, @gameGuids461, @gameGuids462, @gameGuids463, @gameGuids464, @gameGuids465, @gameGuids466, @gameGuids467, @gameGuids468, @gameGuids469, @gameGuids470, @gameGuids471, @gameGuids472, @gameGuids473, @gameGuids474, @gameGuids475, @gameGuids476, @gameGuids477, @gameGuids478, @gameGuids479, @gameGuids480, @gameGuids481, @gameGuids482, @gameGuids483, @gameGuids484, @gameGuids485, @gameGuids486, @gameGuids487, @gameGuids488, @gameGuids489, @gameGuids490, @gameGuids491, @gameGuids492, @gameGuids493, @gameGuids494, @gameGuids495, @gameGuids496, @gameGuids497, @gameGuids498, @gameGuids499, @gameGuids500, @gameGuids501, @gameGuids502, @gameGuids503, @gameGuids504, @gameGuids505, @gameGuids506, @gameGuids507, @gameGuids508, @gameGuids509, @gameGuids510, @gameGuids511, @gameGuids512, @gameGuids513, @gameGuids514, @gameGuids515, @gameGuids516, @gameGuids517, @gameGuids518, @gameGuids519, @gameGuids520, @gameGuids521, @gameGuids522, @gameGuids523, @gameGuids524, @gameGuids525, @gameGuids526, @gameGuids527, @gameGuids528, @gameGuids529, @gameGuids530, @gameGuids531, @gameGuids532, @gameGuids533, @gameGuids534, @gameGuids535, @gameGuids536, @gameGuids537, @gameGuids538, @gameGuids539, @gameGuids540, @gameGuids541, @gameGuids542, @gameGuids543, @gameGuids544, @gameGuids545, @gameGuids546, @gameGuids547, @gameGuids548, @gameGuids549, @gameGuids550, @gameGuids551, @gameGuids552, @gameGuids553, @gameGuids554, @gameGuids555, @gameGuids556, @gameGuids557, @gameGuids558, @gameGuids559, @gameGuids560, @gameGuids561, @gameGuids562, @gameGuids563, @gameGuids564, @gameGuids565, @gameGuids566, @gameGuids567, @gameGuids568, @gameGuids569, @gameGuids570, @gameGuids571, @gameGuids572, @gameGuids573, @gameGuids574, @gameGuids575, @gameGuids576, @gameGuids577, @gameGuids578, @gameGuids579, @gameGuids580, @gameGuids581, @gameGuids582, @gameGuids583, @gameGuids584, @gameGuids585, @gameGuids586, @gameGuids587, @gameGuids588, @gameGuids589, @gameGuids590, @gameGuids591, @gameGuids592, @gameGuids593, @gameGuids594, @gameGuids595, @gameGuids596, @gameGuids597, @gameGuids598, @gameGuids599, @gameGuids600, @gameGuids601, @gameGuids602, @gameGuids603, @gameGuids604, @gameGuids605, @gameGuids606, @gameGuids607, @gameGuids608, @gameGuids609, @gameGuids610, @gameGuids611, @gameGuids612, @gameGuids613, @gameGuids614, @gameGuids615, @gameGuids616, @gameGuids617, @gameGuids618, @gameGuids619, @gameGuids620, @gameGuids621, @gameGuids622, @gameGuids623, @gameGuids624, @gameGuids625, @gameGuids626, @gameGuids627, @gameGuids628, @gameGuids629, @gameGuids630, @gameGuids631, @gameGuids632, @gameGuids633, @gameGuids634, @gameGuids635, @gameGuids636, @gameGuids637, @gameGuids638, @gameGuids639, @gameGuids640, @gameGuids641, @gameGuids642, @gameGuids643, @gameGuids644, @gameGuids645, @gameGuids646, @gameGuids647, @gameGuids648, @gameGuids649, @gameGuids650, @gameGuids651, @gameGuids652, @gameGuids653, @gameGuids654, @gameGuids655, @gameGuids656, @gameGuids657, @gameGuids658, @gameGuids659, @gameGuids660, @gameGuids661, @gameGuids662, @gameGuids663, @gameGuids664, @gameGuids665, @gameGuids666, @gameGuids667, @gameGuids668, @gameGuids669, @gameGuids670, @gameGuids671, @gameGuids672, @gameGuids673, @gameGuids674, @gameGuids675, @gameGuids676, @gameGuids677, @gameGuids678, @gameGuids679, @gameGuids680, @gameGuids681, @gameGuids682, @gameGuids683, @gameGuids684, @gameGuids685, @gameGuids686, @gameGuids687, @gameGuids688, @gameGuids689, @gameGuids690, @gameGuids691, @gameGuids692, @gameGuids693, @gameGuids694, @gameGuids695, @gameGuids696, @gameGuids697, @gameGuids698, @gameGuids699, @gameGuids700)
GROUP BY ""p"".""MapName""",""
"event-aad58c22f9f908de2a00000000000000","0xad80e510","2026-08-14T11:46:24.1483810Z","OK","main",""
"event-aad82cb7f9f908de2b00000000000000","0x57b8a4c1","2026-08-14T11:46:24.1655991Z","OK","GetGlobalLeaderboardAsync",""
"event-aad87de8f9f908de2e00000000000000","0xddff70e3","2026-08-14T11:46:24.1676776Z","Information","Request finished HTTP/1.1 GET http://bfstats.io/stats/leaderboard?page=1&pageSize=25&sortBy=rounds&sortDir=desc&days=30&minRounds=25&minPlay=0&game=bf1942 - 200 null application/json; charset=utf-8 4399.0433ms",""
"event-aad88396f9f908de2c00000000000000","0xe7df8192","2026-08-14T11:46:24.1678230Z","OK","GET stats/Leaderboard",""
